Name,Address
Lamartine,3132 route du Tunnel-du-Chat, Bourdeau, Le Bourget-du-Lac, 73370, France
Louis,23 rue de la Victoire, Paris, 75009, France
Quinsou,33 rue de l'Abbé-Grégoire, Paris, 75006, France
Mavrommatis,42 rue Daubenton, Paris, 75005, France
Pertinence,29 rue de l'Exposition, Paris, 75007, France
Frenchie,5 rue du Nil, Paris, 75002, France
Benoit,20 rue Saint-Martin, Paris, 75004, France
La Dame de Pic,20 rue du Louvre, Paris, 75001, France
L'Écrin,Hôtel de Crillon, 10 place de la Concorde, Paris, 75008, France
114, Faubourg,Le Bristol, 114 rue du Faubourg-Saint-Honoré, Paris, 75008, France
ERH,11 rue Tiquetonne, Paris, 75002, France
L'Atelier de Joël Robuchon - Étoile,133 avenue des Champs-Élysées, Paris, 75008, France
Marsan par Hélène Darroze,4 rue d'Assas, Paris, 75006, France
Le Jules Verne,Tour Eiffel - Avenue Gustave-Eiffel, Paris, 75007, France
Alliance,5 rue de Poissy, Paris, 75005, France
Chez Michèle,57 rue Principale, Languimberg, 57810, France
Le Vivier,800 cours Fernande-Peyre, L'Isle-sur-la-Sorgue, 84800, France
La Table d'Olivier Nasti,9-13 rue du Général-de-Gaulle, Kaysersberg, 68240, France
Château Blanchard,36 route de Saint-Galmier, Chazelles-sur-Lyon, 42140, France
JY'S,3 allée du Champ-de-Mars, Colmar, 68000, France
Frédéric Doucet,2 avenue de la Libération, Charolles, 71120, France
Le Gavrinis,1 rue de l'Île-Gavrinis, Baden, 56870, France
Le Pressoir d'Argent - Gordon Ramsay,InterContinental Bordeaux - Le Grand Hôtel, 2-5 place de la Comédie, Bordeaux, 33000, France
Tentazioni,59 rue du Palais-Gallien, Bordeaux, 33000, France
David Toutain,29 rue Surcouf, Paris, 75007, France
Tour d'Argent,15 quai de la Tournelle, Paris, 75005, France
Jin,6 rue de la Sourdière, Paris, 75001, France
La Ribaudière,2 place du Port, Bourg-Charente, 16200, France
Maison Claude Darroze,95 cours du Général-Leclerc, Langon, 33210, France
Le Puits Saint Jacques,57 avenue Victor-Capoul, Pujaudran, 32600, France
Auberge de l'Ill,2 rue de Collonges-au-Mont-d'Or, Illhaeusern, 68970, France
Apicius,Place du Marché-Saint-Pierre (à l'étage), Clermont-Ferrand, 63000, France
Hostellerie de l'Abbaye de la Celle,Place du Général-de-Gaulle, La Celle, 83170, France
La Table de Xavier Mathieu,Route de Murs, Joucas, 84220, France
La Table de Chaintré,72 place du Luminaire, Chaintré, 71570, France
L'Atelier du Peintre,1 rue Schongauer, Colmar, 68000, France
Le Carré d'Alethius,4 rue Paul-Bertois, Charmes-sur-Rhône, 07800, France
Les Oliviers,Hôtel Île Rousse, 25 boulevard Louis-Lumière, Bandol, 83150, France
Auguste,54 rue de Bourgogne, Paris, 75007, France
Yam'Tcha,121 rue Saint-Honoré, Paris, 75001, France
L'Anthocyane,25 avenue Ernest-Renan, Lannion, 22300, France
Auberge du Cheval Blanc,4 rue de Wissembourg, Lembach, 67510, France
L'Ambroisie,9 place des Vosges, Paris, 75004, France
Serge Vieira,Le Couffour, Chaudes-Aigues, 15110, France
Restaurant Girardin,19 rue des Têtes, Colmar, 68000, France
L'Impertinent,5 rue d'Alsace, Biarritz, 64200, France
Les Rosiers,32 avenue Beau-Soleil, Biarritz, 64200, France
Auberge des Templiers,20 route Départementale 2007, Boismorand, 45290, France
Auberge Pom'Poire,21 route de Vallères, Azay-le-Rideau, 37190, France
L'Incomparable,68 chemin de Belledonne, Tresserve, 73100, France
La Table d'Asten,8 boulevard Clemenceau, Binic, 22520, France
L'Abissiou,81 rue des Halles, Les Sables-d'Olonne, 85100, France
Le Louis XV - Alain Ducasse à l'Hôtel de Paris,Place du Casino, Monaco, 98000, France
Rosmadec Le Moulin,Venelle de Rosmadec, Pont-Aven, 29930, France
Château de Beaulieu - Christophe Dufossé,1098 route de Lillers, Busnes, 62350, France
L'Atelier de Joël Robuchon - St-Germain,5 rue de Montalembert, Paris, 75007, France
Bruno,2350 route des Arcs, Lorgues, 83510, France
ES,91 rue de Grenelle, Paris, 75007, France
La Chapelle Saint-Martin,33 route Saint-Martin-du-Fault, Nieul, 87510, France
Auberge Frankenbourg,13 rue du Général-de-Gaulle, La Vancelle, 67730, France
Maison Lameloise,36 place d'Armes, Chagny, 71150, France
La Vieille Tour,7 rue Nationale, Cellettes, 41120, France
Le Pont de l'Ouysse,Lacave, 46200, France
La Table du Boisniard,Rue du Boisniard, Chambretaud, 85500, France
Le Cinq,Four Seasons Hotel George V, 31 avenue George-V, Paris, 75008, France
Château de la Treyne,Lacave, 46200, France
L'Orée de la Forêt,255 rue de la Forêt, Étouy, 60600, France
Jérôme Feck,19 place Monseigneur-Tissier, Châlons-en-Champagne, 51000, France
Guy Lassausaie,3 rue de Belle-Sise, Chasselay, 69380, France
Radio,43 avenue Pierre-et-Marie-Curie, Chamalières, 63400, France
Le Pily,1 rue du Pont-Tournant, Cherbourg-en-Cotentin, 50100, France
L'Arnsbourg,18 Untermuhlthal, Baerenthal, 57230, France
Le Prince Noir - Vivien Durand,1 rue du Prince-Noir, Lormont, 33310, France
AT,4bis rue du Cardinal-Lemoine, Paris, 75005, France
La Côte Saint-Jacques,14 faubourg de Paris, Joigny, 89300, France
Jean-Claude Leclerc,12 rue Saint-Adjutor, Clermont-Ferrand, 63000, France
Au Souper Fin,1 route de Clères, Frichemesnil, 76690, France
L'Ostal,16 rue Claussmann, Clermont-Ferrand, 63000, France
Le Pré - Xavier Beaudiment,Route de la Baraque, Clermont-Ferrand, 63000, France
La Grand'Vigne - Les Sources de Caudalie,Chemin de Smith-Haut-Lafitte, Martillac, 33650, France
Le Manoir du Lys,Route de Juvigny-sous-Andaine, Bagnoles-de-l'Orne, 61140, France
Le Skiff Club,1 avenue Louis-Gaume, Pyla-sur-Mer, 33115, France
La Table des Frères Ibarboure,Chemin Ttalienea, Bidart, 64210, France
La Vieille Fontaine,Hôtel d'Europe, 12 place Crillon, Avignon, 84000, France
La Bastide,550 chemin des Cabanes, Bonnieux, 84480, France
L'Étang du Moulin,5 chemin de l'Étang-du-Moulin, Bonnétage, 25210, France
La Mirande,4 place de l'Amirande, Avignon, 84000, France
Moulin d'Alotz,Chemin Alotz-Errota, Arcangues, 64200, France
Pantagruel,24 rue du Sentier, Paris, 75002, France
Le Grill,Hôtel de Paris Monte-Carlo, place du Casino, Monaco, 98000, France
L'Embrun,48 rue de Lyon, Brest, 29200, France
Automne,11 rue Richard-Lenoir, Paris, 75011, France
L'Observatoire du Gabriel,10 place de la Bourse, Bordeaux, 33000, France
Sources,1 cours de la Bôve, Lorient, 56100, France
FIEF,44 rue de la Folie-Méricourt, Paris, 75011, France
CIBO,24 rue Jeannin, Dijon, 21000, France
Le Blue Bay,40 avenue Princesse-Grace, Monaco, 98000, France
La Flibuste,Avenue Jean-Marchand, Marina Baie des Anges, Villeneuve-Loubet, 06270, France
Don Juan II,Port Debilly, Paris, 75016, France
Virtus,29 rue de Cotte, Paris, 75012, France
Maison Nouvelle,11 rue Rode, Bordeaux, 33000, France
Le Pavillon des Boulevards,120 rue de la Croix-de-Seguey, Bordeaux, 33000, France
Maison Desamy,2 rue Hervé-de-Mareuil, Mareuil-sur-Lay, 85320, France
Château d'Adoménil,7 route Mathieu-de-la-Haye - Adoménil-Rehainviller, Lunéville, 54300, France
La Table de Castigno,33 carriera de la Teuliera, Assignan, 34360, France
Il Carpaccio,Le Royal Monceau, 37 avenue Hoche, Paris, 75008, France
L'Oustau de Baumanière,Mas de Baumanière, Les Baux-de-Provence, 13520, France
Le Relais de la Poste,21 rue du Général-de-Gaulle, La Wantzenau, 67610, France
Yoshi,4 avenue de la Madone, Monaco, 98000, France
L'Opidom,4 quai de la Guignière, Fondettes, 37230, France
Roza,3 place de la Monnaie, Nantes, 44000, France
Les Funambules,17 rue Geiler, Strasbourg, 67000, France
Pic,285 avenue Victor-Hugo, Valence, 26000, France
Lalique,Lieu-dit Peyraguey, Bommes, 33210, France
La Maison de Pierre,Hôtel Berria, 68 rue Francis-Jammes, Hasparren, 64240, France
La Table de l'Ours,Les Barmes de l'Ours, 100 montée de Bellevarde, Val-d'Isère, 73150, France
Les Explorateurs - Hôtel Pashmina,Place du Slalom, Val-Thorens, 73440, France
Michel Trama,52 rue Royale, Puymirol, 47270, France
L'Évidence,1 place des Marronniers, Montbazon, 37250, France
Racine,6 place Godinot, Reims, 51100, France
La Côte d'Or,Le Relais Bernard Loiseau, 2 avenue Bernard-Loiseau, Saulieu, 21210, France
La Source,8 allée de La Charpinière, Saint-Galmier, 42330, France
Plénitude - Cheval Blanc Paris,8 quai du Louvre, Paris, 75001, France
Le 1825 - La Table gastronomique,Château de la Brûlaire - 404 La Brûlaire, Gesté, 49600, France
L'Orchidée,33 rue Gilardoni, Altkirch, 68130, France
Likoké,33 route de Païolive, Les Vans, 07140, France
Vincent Favre Félix,15 chemin de l'Abbaye - à Annecy-le-Vieux, Annecy, 74940, France
Le Vieux Logis,Le Bourg, Trémolat, 24510, France
Pollen,18 rue Joseph-Vernet, Avignon, 84000, France
Maison Caillet,22 rue André-Fiquet, Valmont, 76540, France
La Tête en l'air,43 rue de la Fontaine, Vannes, 56000, France
Maison Jeunet,Château de Germigney, rue Edgar-Faure, Port-Lesney, 39330, France
Hostellerie Jérôme,20 rue Comte-de-Cessole, La Turbie, 06320, France
L'Abysse au Pavillon Ledoyen,8 avenue Dutuit, Paris, 75008, France
Le Foch,37 boulevard Foch, Reims, 51100, France
Maison Chenet - Entre Vigne et Garrigue,600 route de Saint-Bruno, Pujaut, 30131, France
Oxte,5 rue Troyon, Paris, 75017, France
Auberge Saint-Walfrid,58 rue de Grosbliederstroff, Sarreguemines, 57200, France
Les Terraillers,11 chemin Neuf, Biot, 06410, France
Le Mascaret,1 rue de Bas, Blainville-sur-Mer, 50560, France
Villa Pinewood,590 chemin du Nègre, Payrin-Augmontel, 81660, France
The Marcel,5 rue Lazare-Carnot, Sète, 34200, France
Lait Thym Sel,65 rue Beaurepaire, Angers, 49100, France
Pureté,79 rue de la Monnaie, Lille, 59000, France
Granite,6 rue Bailleul, Paris, 75001, France
Pavyllon, un restaurant de Yannick Alléno, Monte-Carlo,Square Beaumarchais, Monaco, 98000, France
Villa René Lalique,18 rue Bellevue, Wingen-sur-Moder, 67290, France
Guillaume Scheer - Les Plaisirs Gourmands,35 route du Général-de-Gaulle, Schiltigheim, 67300, France
Le Sarkara,Le K2 Palace, 238 rue des Clarines, Courchevel 1850, Courchevel, 73120, France
Sylvestre Wahid - Les Grandes Alpes,28 rue de l'Église, Courchevel, 73120, France
La Table Mirasol,2 boulevard Ferdinand-de-Candau, Mont-de-Marsan, 40000, France
Le Grand Contrôle,12 rue de l'Indépendance-Américaine, Versailles, 78000, France
Hélène Darroze à Villa La Coste,2750 route de la Cride, Le Puy-Sainte-Réparade, 13610, France
Jardin des Sens,Place de la Canourgue, Montpellier, 34000, France
L'Alter-Native,12 rue Boieldieu, Béziers, 34500, France
Les Agitateurs,24 rue Bonaparte, Nice, 06000, France
La Dune du Château de Sable,38 rue de l'Europe, Porspoder, 29840, France
Le Pressoir,7 rue de l'Hôpital, Saint-Avé, 56890, France
Baieta,5 rue de Pontoise, Paris, 75005, France
Substance,18 rue de Chaillot, Paris, 75016, France
Les Chemins - Domaine de Primard,D16, Guainville, 28260, France
Contraste,18 rue d'Anjou, Paris, 75008, France
La Chabotterie,Logis de La Chabotterie, Montréverd, 85260, France
Anne,28 place des Vosges, Paris, 75003, France
Restaurant de Tourrel,5 rue Carnot, Saint-Rémy-de-Provence, 13210, France
Le Saint-Martin,2490 avenue des Templiers, Vence, 06140, France
Les Foudres,Chais Monnet, 50 avenue Paul-Firino-Martell, Cognac, 16100, France
L'Ours,12 rue de l'Église, Vincennes, 94300, France
Flaveurs,32 Grande-Rue, Valence, 26000, France
Kasbür,8 route de Dettwiller, Monswiller, 67700, France
Le Sénéchal,Le Bourg, Sauveterre-de-Rouergue, 12800, France
Maison Decoret,15 rue du Parc, Vichy, 03200, France
La Madeleine,35 quai Boffrand, Sens, 89100, France
Numéro 3,3 rue du Général-de-Gaulle, Le Tremblay-sur-Mauldre, 78490, France
Le Raisin,2 place Michel-Poisat, Pont-de-Vaux, 01190, France
Le Corot,55 rue de Versailles, Ville-d'Avray, 92410, France
Manoir de Lan-Kerellec,Allée centrale de Lan-Kerellec, Trébeurden, 22560, France
Fleur de Pavé,5 rue Paul-Lelong, Paris, 75002, France
L'Essentiel,8 rue de la Clarté, Périgueux, 24000, France
L'Auberge des Glazicks,7 rue de la Plage, Plomodiern, 29550, France
Gordon Ramsay au Trianon,1 boulevard de la Reine, Versailles, 78000, France
Arbore & Sens,22 rue Balzac, Loches, 37600, France
La Table d'Antonio Salvatore au Rampoldi,3 avenue des Spélugues, Monaco, 98000, France
Le Favori - Les Sources de Cheverny,23 route de Fougères, Cheverny, 41700, France
Auberge de Montfleury,200 route des Cépages, Saint-Germain, 07170, France
Ceto,1551 route de la Turbie, Roquebrune-Cap-Martin, 06190, France
Le Refuge des Gourmets,90 route des Framboises, Machilly, 74140, France
Nature,20 place de Saint-Vaast, Armentières, 59280, France
Dan B.,1 rue Frédéric-Mistral, Ventabren, 13122, France
La Cachette,20 rue Notre-Dame-de-Soyons, Valence, 26000, France
Récif - Les Roches Rouges,90 boulevard de la 36ème-Division-du-Texas, Saint-Raphaël, 83530, France
Frédéric Molina au Moulin de Léré,270 route de Léré, Sous la Côte, Vailly, 74470, France
Les Belles Perdrix de Troplong Mondot,Lieu-dit Troplong-Mondot, Saint-Emilion, 33330, France
Jean Imbert au Plaza Athénée,25 avenue Montaigne, Paris, 75008, France
Le Georges,22 place des Épars, Chartres, 28000, France
NESO,3 rue Papillon, Paris, 75009, France
La Table d'à Côté,200 allée des Quatre-Vents, Ardon, 45160, France
Gaya par Pierre Gagnaire,6 rue de Saint-Simon, Paris, 75007, France
La Table d'Uzès,18 rue du Docteur-Blanchard, Uzès, 30700, France
Avel Vor,25 rue de Locmalo, Port-Louis, 56290, France
La Voile - La Réserve Ramatuelle,Chemin de la Quessine, Ramatuelle, 83350, France
Allium,88 boulevard de Créac'h-Gwen, Quimper, 29000, France
Auberge du Pont,70 avenue du Docteur-Besserve, Pont-du-Château, 63430, France
Divellec,18 rue Fabert, Paris, 75007, France
Trente-Trois,33 rue Jean-Goujon, Paris, 75008, France
La Table de La Butte,12 rue de la Mer, Plouider, 29260, France
Tomy & Co,22 rue Surcouf, Paris, 75007, France
Villa de l'Étang Blanc,2265 route de l'Étang-Blanc (D432), Seignosse, 40510, France
Akrame,7 rue Tronchet, Paris, 75008, France
La Chapelle - Château Saint-Jean,Avenue Henri-de-la-Tourfondue, Montluçon, 03100, France
Miraflores,112 boulevard des Belges, Lyon, 69006, France
L'Oiseau Blanc,19 avenue Kléber, Paris, 75116, France
Aida,1 rue Pierre-Leroux, Paris, 75007, France
Pierre Gagnaire,6 rue Balzac, Paris, 75008, France
Thierry Schwartz - Le Restaurant,35 rue de Sélestat, Obernai, 67210, France
La Magdeleine - Mathias Dandine,2 rond-point des Charrons, Gémenos, 13420, France
Flocons de Sel,1775 route du Leutaz, Le Leutaz, Megève, 74120, France
Villa Salone,6 rue du Maréchal-Joffre, Salon-de-Provence, 13300, France
La Promenade,11 rue du Savoureulx, Le Petit-Pressigny, 37350, France
La Fourchette des Ducs,6 rue de la Gare, Obernai, 67210, France
Maison Aribert,280 allée du Jeune-Bayard, Uriage-les-Bains, 38410, France
Alléno Paris au Pavillon Ledoyen,8 avenue Dutuit, Paris, 75008, France
Les Hauts de Loire,79 rue Gilbert-Navard, Onzain, 41150, France
L'Éveil des Sens,429 boulevard Paul-Lintier, Mayenne, 53100, France
Alcyone,1 place Daviel, Marseille, 13002, France
La Signoria,Route de la Forêt-de-Bonifato, Calvi, 20260, France
La Table de l'Alpaga,Alpaga, 66 allée des Marmoussets, route du Prariand, Megève, 74120, France
Le Faham by Kelly Rangama,108 rue Cardinet, Paris, 75017, France
Jean-Luc Tartarin,73 avenue Foch, Le Havre, 76600, France
Reflet d'Obione,29 rue Jean-Jacques Rousseau, Montpellier, 34000, France
Colette,Hôtel Sezz, 151  route des Salins, Saint-Tropez, 83990, France
MoSuke,11 rue Raymond-Losserand, Paris, 75014, France
L'Arrivage,13-15 rue André-Portes, Sète, 34200, France
LuluRouget,4 place Albert-Camus, Nantes, 44200, France
Leclere,8 rue André-Michel, Montpellier, 34000, France
Faventia,3100 route de Bagnols-en-Forêt, Tourrettes, 83440, France
Les Reflets,227 rue Roger-Salengro, La Roche-sur-Yon, 85000, France
Le Kléber - La Maison Bonnet,2 place du Champ-de-Mars, Grane, 26400, France
Anne de Bretagne,Port de Gravette, La Plaine-sur-Mer, 44770, France
Lasserre,17 avenue Franklin-D.-Roosevelt, Paris, 75008, France
Le Clarence,31 avenue Franklin-D.-Roosevelt, Paris, 75008, France
Rustique,14 rue d'Enghien, Lyon, 69002, France
Auberge du Vert Mont,1318 rue du Mont-Noir, Boeschepe, 59299, France
Choko Ona,155 rue Xerrendako-Bidea, Espelette, 64250, France
En Marge,1204 route de la Croix-Falrgarde, Aureville, 31320, France
Shabour,19 rue Saint-Sauveur, Paris, 75002, France
La Scène,32 avenue Matignon, Paris, 75008, France
La Huchette,1089 route de Bourg, Replonges, 01750, France
La Table Lionel Giraud,Rond-point de la Liberté - 68 avenue du Général-Leclerc, Narbonne, 11100, France
Le Petit Nice,Anse de Maldormé, Marseille, 13007, France
Quai des Saveurs,69 rue de la Gare, Hagondange, 57300, France
Anona,80 boulevard des Batignolles, Paris, 75017, France
Maison Hache,30 rue de la République, Eygalières, 13810, France
JAN,12 rue Lascaris, Nice, 06300, France
L'Aromate,2 rue Gustave-Deloye, Nice, 06000, France
Le Manoir de la Régate,155 route de Gachet, Nantes, 44300, France
L'Atlantide 1874 - Maison Guého,5 rue de l'Hermitage, Nantes, 44100, France
Restaurant De Lauzun,Route de Nizas, Pézenas, 34120, France
Ekaitza,15 quai Maurice-Ravel, Ciboure, 64500, France
Vieux Pont,Le Bourg, Belcastel, 12390, France
Le Restaurant des Rois - La Réserve de Beaulieu,5 boulevard du Maréchal-Leclerc, Beaulieu-sur-Mer, 06310, France
Jérôme Nutile,351 chemin Bas-du-Mas-de-Boudan, Nîmes, 30000, France
Le Chantecler,37 promenade des Anglais, Nice, 06000, France
Flaveur,25 rue Gubernatis, Nice, 06000, France
La Réserve Rimbaud,820 avenue de Saint-Maur, Montpellier, 34000, France
Les Sources de Fontbelle,1 bis rue des Meules-à-Grain, Angoulême, 16000, France
L'Arbre au Soleil,Nouveau Port, Le Lavandou, 83980, France
Duende,Quai de la Fontaine, Nîmes, 30900, France
Skab,7 rue de la République, Nîmes, 30000, France
Domaine du Colombier,270 chemin de Malombre, Malataverne, 26780, France
La Bastide de Moustiers,Chemin de Quinson, Moustiers-Sainte-Marie, 04360, France
La Grenouillère,19 rue de la Grenouillère, La Madelaine-sous-Montreuil, 62170, France
La Nouvelle Auberge,9 route Nationale, Wihr-au-Val, 68230, France
La Robe,3 place Reveillère-Lepeaux, Montaigu, 85600, France
Les Clefs d'Argent,333 avenue des Martyrs-de-la-Résistance, Mont-de-Marsan, 40000, France
Hedone,2 impasse Saint-Félix, Toulouse, 31000, France
Le Royal,Hameau de Bellevue, 9 rue de la République, Champillon, 51160, France
Aux Terrasses,18 avenue du 23-Janvier, Tournus, 71700, France
Le Sergent Recruteur,41 rue Saint-Louis-en-l'Île, Paris, 75004, France
Signature,180 rue du Rouet, Marseille, 13008, France
Solstice,45 rue Claude-Bernard, Paris, 75005, France
Restaurant Le Meurice Alain Ducasse,Le Meurice, 228 rue de Rivoli, Paris, 75001, France
Pastis Restaurant,3 rue Terral, Montpellier, 34000, France
Pavyllon,8 avenue Dutuit, Paris, 75008, France
L'Ekrin by Laurent Azoulay,Le Kaïla, 124 rue des Jeux-Olympiques, Méribel, 73550, France
Les Trois Rochers,16 rue du Phare, à Sainte-Marine, Combrit, 29120, France
Le Charlemagne,1 route des Vergelesses, Pernand-Vergelesses, 21420, France
Jean Sulpice,303 route du Port, Talloires-Montmin, 74290, France
Michel Kayser - Restaurant Alexandre,2 rue Xavier-Tronc, Garons, 30128, France
Holen,2 rue des Carmes, Rennes, 35000, France
Le Restaurant du Cerisier,14 avenue du Peuple-Belge, Lille, 59000, France
La Maison dans le Parc,3 rue Sainte-Catherine, Nancy, 54000, France
Le 7ème Continent,35 avenue du Général-de-Gaulle, Rixheim, 68170, France
L'Aspérule,43 rue Jean-Jacques-Rousseau, Dijon, 21000, France
La Galinette,23 rue Jean-Payra, Perpignan, 66000, France
Le Petit Hôtel du Grand Large,11 quai Saint-Ivy, à Portivy, Saint-Pierre-Quiberon, 56510, France
Le Cerf,30 rue du Général-de-Gaulle, Marlenheim, 67520, France
La Tour des Vents,450 route de Malfourat, Monbazillac, 24240, France
Bras,Route de l'Aubrac, Laguiole, 12210, France
Les Fresques - Château des Vigiers,644 route Lars-Urban-Petersson, lieu-dit Le Vigier, Monestier, 24240, France
Äponem - Auberge du Presbytère,4 rue de  l'Église, Vailhan, 34320, France
Hostellerie de Levernois,Rue du Golf, Levernois, 21200, France
La Grange de Belle-Église,28 boulevard René-Aimé-Lagabrielle, Belle-Église, 60540, France
La Pyramide - Patrick Henriroux,14 boulevard Fernand-Point, Vienne, 38200, France
Intuition,1 rue Alsace-Lorraine, Saint-Lô, 50000, France
L'Or Bleu,6 boulevard de l'Esquillon, Théoule-sur-Mer, 06590, France
Ursus,Maison Bouvier, rue du Val-Claret, au Val-Claret, Tignes, 73320, France
Origines,Rue du Clos-de-la-Chaux, Le Broc, 63500, France
AM par Alexandre Mazzia,9 rue François-Rocca, Marseille, 13008, France
Le Bénaton,25 rue du Faubourg-Bretonnière, Beaune, 21200, France
Le Pot d'Étain,4 avenue de la République, Danjoutin, 90400, France
OKA,1 rue Berthollet, Paris, 75005, France
Haut Bonheur de la Table,18 Grand'Place, Cassel, 59670, France
La Sommelière,6 rue Mourguet, Lyon, 69005, France
Auberge Grand'Maison,1 rue Léon-le-Cerf, Mûr-de-Bretagne, 22530, France
Moulin de la Tardoire,Lieu-dit La Forge, Montbron, 16220, France
Mirazur,30 avenue Aristide-Briand, Menton, 06500, France
L'Écrin de Yohann Chapuis,1 rue Albert-Thibaudet, Tournus, 71700, France
La Mutinerie,123 rue Bugeaud, Lyon, 69006, France
Auberge Nicolas Flamel,51 rue de Montmorency, Paris, 75003, France
Auberge de la Tour,Place de la Fontaine, Marcolès, 15220, France
Une Table, au Sud,2 quai du Port, Marseille, 13002, France
Saisons,8 rue Sainte-Victoire, Marseille, 13006, France
Le Carmin,4B place Carnot, Beaune, 21200, France
Sola,12 rue de l'Hôtel-Colbert, Paris, 75005, France
La Table de Philippe Girardon,Domaine de Clairefontaine, Chemin des Fontanettes, Chonas-l'Amballan, 38121, France
Py-r,19 descente de la Halle-aux-Poissons, Toulouse, 31000, France
Georges Blanc,Place du Marché, Vonnas, 01540, France
Auberge Saint-Laurent,1 rue de la Fontaine, Sierentz, 68510, France
Auberge au Bœuf,1 rue de l'Église, Sessenheim, 67770, France
Ambroisie,64 route du Lac, Saint-Didier-de-la-Tour, 38110, France
L'Épuisette,158 rue du Vallon-des-Auffes, Marseille, 13007, France
Ogata,16 rue Debelleyme, Paris, 75003, France
La Liégeoise,6 rue Notre-Dame, Wimereux, 62930, France
Accents Table Bourse,24 rue Feydeau, Paris, 75002, France
Le Jardin Secret,32 rue de la Gare, La Wantzenau, 67610, France
Michel Sarran,21 boulevard Armand-Duportal, Toulouse, 31000, France
Buerehiesel,4 parc de l'Orangerie, Strasbourg, 67000, France
Au Déjeuner de Sousceyrac,2 allée Gaston-Monnerville, Sousceyrac-en-Quercy, 46190, France
La Table d'Aurélien Largeau,Hôtel du Palais, 1 avenue de l'Impératrice, Biarritz, 64200, France
1741,22 quai des Bateliers, Strasbourg, 67000, France
Au Crocodile,10 rue de l'Outre, Strasbourg, 67000, France
Le Cénacle,46 rue des Couteliers, Toulouse, 31000, France
Noni,211 Republic Street, Valletta, VLT 1118, Malta
De Mondion,Council Square, Mdina, MDN 1050, Malta
Under Grain,167 Merchants Street, Valletta, VLT 1174, Malta
Fernandõ Gastrotheque,6 Tigne Street, Sliema, SLM 3172, Malta
Bahia,De Paule Avenue, San Anton, Balzan, BZN 9023, Malta
ION Harbour by Simon Rogan,11 St Barbara Bastion, Valletta, VLT 1961, Malta
Mraz & Sohn,Wallensteinstraße 59, Vienna, 1200, Austria
Ikarus,Wilhelm-Spazier-Straße 7a, Salzburg, 5020, Austria
[aend],Mollardgasse 76, Vienna, 1060, Austria
Amador,Grinzinger Straße 86, Vienna, 1190, Austria
APRON,Am Heumarkt 35, Vienna, 1030, Austria
Pramerl & the Wolf,Pramergasse 21, Vienna, 1090, Austria
Edvard,Schottenring 24, Vienna, 1010, Austria
The Glass Garden,Mönchsberg Park 26, Salzburg, 5020, Austria
Steirereck im Stadtpark,Am Heumarkt 2a, Vienna, 1030, Austria
Silvio Nickol Gourmet Restaurant,Coburgbastei 4, Vienna, 1010, Austria
Esszimmer,Müllner Hauptstraße 33, Salzburg, 5020, Austria
Konstantin Filippou,Dominikanerbastei 17, Vienna, 1010, Austria
TIAN,Himmelpfortgasse 23, Vienna, 1010, Austria
Kilian Stuba,Oberseitestraße 6, Hirschegg, 6992, Austria
Pfefferschiff,Söllheim 3, Salzburg, 5300, Austria
SENNS.Restaurant,Söllheimerstrasse 16, Salzburg, 5020, Austria
Opera Bombana,Shop 21, LG2 Level, Parkview Green Fangcaodi, 9 Dongdaqiao Road, Beijing, China Mainland
Poetry‧Wine (Dongsanhuan Middle Road),61 Dongsanhuan Middle Road, Beijing, China Mainland
Shanghai Cuisine,South side of Pacific Century Place, 2A Gongrentiyuchang North Road, Beijing, China Mainland
Xin Rong Ji (Jianguomenwai Street),5F, Tower A, Yintai Centre, 2 Jianguomenwai Street, Beijing, China Mainland
In Love (Gongti East Road),Next to East 2 Gate, Workers' Sports Complex, Gongrentiyuchang East Road, Beijing, China Mainland
Lu Shang Lu,2A01-2A03 / 2A05-2A13, 2F, Sunshine Financial Center, No.1 Tower, 33 Jinghui Street, Beijing, China Mainland
King's Joy,2 Wudaoying Hutong, Beijing, China Mainland
The Georg,1 Jade River, 45 Dongbuyaqiao Hutong, Dianmen East Street, Beijing, China Mainland
Xin Rong Ji (Xinyuan South Road),1F, East Tower, Genesis Beijing, 8 Xinyuan South Road, Beijing, China Mainland
Trb Hutong,23 Shatan North Street, Beijing, China Mainland
Country Kitchen,3F, Rosewood Hotel, Jing Guang Centre, Hujialou, 1 Chaoyangmenwai Street, Beijing, China Mainland
Fu Chun Ju,3F, The Puxuan Hotel, 1 Wangfujing Street, Beijing, China Mainland
Chao Shang Chao,L406B, 4F, CP Center, 20 Jinhe East Road, Beijing, China Mainland
Jing Yaa Tang,LG Level, The Opposite House, Taikoo Li Sanlitun North, 11 Sanlitun Road, Beijing, China Mainland
Jing,B1 Level, The Peninsula Hotel, 8 Jinyu Hutong, Beijing, China Mainland
The Beijing Kitchen,D6007, 6F, SKP Beijing, 87 Jianguo Road, Beijing, China Mainland
Sheng Yong Xing (Chaoyang),5 Xindong Road, Beijing, China Mainland
Lao Ji Tang (Gongrentiyuchang South Road),15 Gongrentiyuchang South Road, Beijing, China Mainland
Xin Rong Ji (Jinrong Street),B1 Level, Financial Street International Hotel, 11 Jinrong Street, Beijing, China Mainland
Mansion Cuisine by Jingyan,22 Jianchang Hutong, Beijing, China Mainland
Zijin Mansion,3F, Waldorf Astoria Hotel, 5-15 Jinyu Hutong, Beijing, China Mainland
The Tasty House,Block 21, 4 Gongrentiyuchang North Road, Beijing, China Mainland
Furong,1F, The Westin, 9C Jinrong Street, Beijing, China Mainland
Ling Long,3F, STEY-Sanlitun Hotel, BEI Zhaolong, 2 Gongrentiyuchang North Road, Beijing, China Mainland
Jingji,2F, The Ritz-Carlton Hotel, 83A Jianguo Road, Beijing, China Mainland
Vege Wonder,Shop 212, 2F, West Building, WF Central, 269 Wangfujing Street, Beijing, China Mainland
Gastro Esthetics DaDong,1-2F, Nanxincang Business Tower, 22A Dongsi 10th Alley, Beijing, China Mainland
Forum,2F, Empark Prime Hotel, 2 Wangfujing Street, Beijing, China Mainland
Lu Style (Anding Road),5F, Uni Elite, Building 6, Courtyard 5, Anding Road, Beijing, China Mainland
Lei Garden (Jinbao Tower),3F, Jinbao Tower, 89 Jinbao Street, Beijing, China Mainland
Mio,3F, Four Seasons Hotel, 48 Liangmaqiao Road, Beijing, China Mainland
Il Ristorante - Niko Romito,1F, Bvlgari Hotel, Building 2, Courtyard 8, Xinyuan South Road, Beijing, China Mainland
Zhiguan Courtyard,12 Jinyu Hutong, Beijing, China Mainland
Huaiyang Fu,198 Andingmenwai Street, Beijing, China Mainland
Cai Yi Xuan,2F, Four Seasons Hotel, 48 Liangmaqiao Road, Beijing, China Mainland
Imperial Treasure Fine Chinese Cuisine (Huangpu),L402-403, 4F, Yi Feng Galleria, 99 East Beijing Road, Shanghai, China Mainland
Xin Rong Ji (West Nanjing Road),2F, 688 Plaza, 688 West Nanjing Road, Shanghai, China Mainland
Seventh Son,Shop E2-03, 2F, Tower 1, Jing An Kerry Centre, 1515 West Nanjing Road, Shanghai, China Mainland
T'ang Court,5F, The Langham, 99 Madang Road, Shanghai, China Mainland
Il Ristorante - Niko Romito,47F, Bvlgari Hotel, Lane 108, North Shanxi Road, Shanghai, China Mainland
Jin Xuan,53F, The Ritz-Carlton Pudong, 8 Century Avenue, Shanghai, China Mainland
Shang-High Cuisine,6F, Jumeirah Himalayas Hotel, 1108 Mei Hua Road, Shanghai, China Mainland
Yong Yi Ting,LG Level, Mandarin Oriental Pudong, 111 South Pudong Road, Shanghai, China Mainland
Yong Fu (Huangpu),12F, Cathay Building, Jin Jiang Hotel, 59 South Maoming Road, Shanghai, China Mainland
Fu He Hui,1037 Yuyuan Road, Shanghai, China Mainland
Sheng Yong Xing (Huangpu),5F, Bund 5, 20 Guangdong Road, Shanghai, China Mainland
Yu Zhi Lan,851 Julu Road, Shanghai, China Mainland
Cheng Long Hang (Huangpu),216 Jiujiang Road, Shanghai, China Mainland
Jean Georges,4F, Bund 3, 3 Zhongshan Dong Yi Road, Shanghai, China Mainland
Xin Rong Ji (Nanyang Road),170 Nanyang Road, Shanghai, China Mainland
Da Dong (Jingan),5F, Park Place, 1601 West Nanjing Road, Shanghai, China Mainland
Da Dong (Xuhui),Shop 602, 6F, iapm, 999 Middle Huaihai Road, Shanghai, China Mainland
Meet the Bund,S301, 3F, South Mall, The Bund Finance Center, 588 Zhongshan Dong Er Road, Shanghai, China Mainland
Maison Lameloise,68F, Shanghai Tower, 501 Middle Yincheng Road, Shanghai, China Mainland
Fu 1039,1039 Yuyuan Road, Shanghai, China Mainland
102 House,5F, The House of Roosevelt, Bund 27, 27 Zhongshan Dong Yi Road, Shanghai, China Mainland
Tea Culture (East Beijing Road),L201A, 2F, Yi Feng Galleria, 99 East Beijing Road, Shanghai, China Mainland
Taian Table,101-102, Building No. 1, Garden Office, No.161, Lane 465, Zhenning Road, Shanghai, China Mainland
Yi Long Court,2F, The Peninsula Hotel, Bund 32, 32 Zhongshan Dong Yi Road, Shanghai, China Mainland
Yong Fu (Hongkou),56F, East Tower, Raffles City The Bund, 1089 Dongdaming Road, Shanghai, China Mainland
Ji Pin Court,3F, 55 South Wulumuqi Road, Shanghai, China Mainland
Lei Garden (Xuhui),Shop 401, 4F, iapm, 999 Middle Huaihai Road, Shanghai, China Mainland
YongFoo Élite,200 Yongfu Road, Shanghai, China Mainland
Lei Garden (Pudong),L3-17 & 18, IFC Mall, 8 Century Avenue, Shanghai, China Mainland
Ren He Guan (Zhaojiabang Road),407 Zhaojiabang Road, Shanghai, China Mainland
L'Atelier de Joël Robuchon,3F, Bund 18, 18 Zhongshan Dong Yi Road, Shanghai, China Mainland
Amazing Chinese Cuisine (Changning),B5 Villa, 1665 Hongqiao Road, Shanghai, China Mainland
Bao Li Xuan,3F, Chamber of Commerce Shanghai, Lane 108, North Shanxi Road, Shanghai, China Mainland
Phénix,2F, The PuLi, 1 Changde Road, Shanghai, 200040, China Mainland
Sir Elly's,13F, The Peninsula Hotel, Bund 32, 32 Zhongshan Dong Yi Road, Shanghai, China Mainland
Obscura,Tangxiang Cultural Space, 538 Xikang Road, Shanghai, China Mainland
Canton Table,5F, Bund 3, 3 Zhongshan Dong Yi Road, Shanghai, 200002, China Mainland
Oriental Sense & Palate,57 Sinan Road, Shanghai, China Mainland
Ming Court,Level B1, Cordis Hotel, 333 Shenhong Road, Shanghai, China Mainland
Fu 1088,375 Zhenning Road, Shanghai, China Mainland
Le Comptoir de Pierre Gagnaire,Capella, Jian Ye Li, 480 West Jianguo Road, Shanghai, China Mainland
Da Vittorio,3F, N3 Building, 600 Zhongshan Dong Er Road, Shanghai, China Mainland
Moose (Changning),No.1, Lane 119, Xinhua Road, Shanghai, China Mainland
Canton 8 (Runan Street),63 Runan Street, Shanghai, China Mainland
Lao Zheng Xing (Huangpu),556 Fuzhou Road, Shanghai, China Mainland
Moose (Pudong),9F, L+Mall, 899 South Pudong Road, Shanghai, China Mainland
Fu 1015,1015 Yuyuan Road, Shanghai, China Mainland
Lu Style,Room 207, 2F, Uni Elite, Lane 838, South Huangpi Road, Shanghai, China Mainland
Ultraviolet by Paul Pairet,'somewhere in Shanghai' - meet at Mr & Mrs Bund restaurant - 6F, Bund 18, 18 Zhongshan Dong Yi Road, Shanghai, China Mainland
8 ½ Otto e Mezzo Bombana,6-7F, Associate Mission Building, 169 Yuanmingyuan Road, Shanghai, China Mainland
Au Jardin,The Warehouse@Hin Bus Depot, 125 Jalan Timah, George Town, 10150, Malaysia
DC. by Darren Chin,44 Persiaran Zaaba, Taman Tun Dr Ismail, Kuala Lumpur, 60000, Malaysia
Dewakan,48F, Skyviews, Naza Tower, Platinum Park, 10 Persiaran KLCC, Kuala Lumpur, 50088, Malaysia
Auntie Gaik Lean's Old School Eatery,1 Lebuh Bishop, George Town, 10200, Malaysia
Signature,11F, VIE Hotel, 117/39-40 Phayathai Road, Thanon Petchburi, Bangkok, 10400, Thailand
Baan Tepa,561 Ramkhamhaeng Road, Hua Mark, Bangkok, 10240, Thailand
Maison Dunand,55 Soi Sathon 10, Si Lom, Bangkok, 10500, Thailand
Gaa,46/1 Sukhumvit 53, Khlong Tan Nuea, Bangkok, 10110, Thailand
Sushi Masato,3/22 Soi Sukhumvit 31, Khlong Tan Nuea, Bangkok, 10110, Thailand
Methavalai Sorndaeng,78/2 Ratchadamnoen Klang Road, Bowon Niwet, Bangkok, 10200, Thailand
Mezzaluna,65F, Tower Club at Lebua, 1055 Si Lom Road, Si Lom, Bangkok, 10500, Thailand
Elements, Inspired by Ciel Bleu,25F, The Okura Prestige, 57 Wireless Road, Lumphini, Bangkok, 10330, Thailand
Le Du,399/3 Soi Si Lom 7, Si Lom, Bangkok, 10500, Thailand
Blue by Alain Ducasse,Unit L101, 1F, ICONLUXE ICONSIAM Shopping Centre, 299 Charoen Nakhon Road, Khlong Ton Sai, Bangkok, 10600, Thailand
Saneh Jaan,Sindhorn Tower, 130-132 Witthayu Road, Lumphini, Bangkok, 10330, Thailand
R-Haan,131 Soi Sukhumvit 53, Khlong Tan Nuea, Bangkok, 10110, Thailand
Côte by Mauro Colagreco,2F, Capella Bangkok, 300/2 Charoenkrung Road, Yannawa, Bangkok, 10120, Thailand
Jay Fai,327 Mahachai Road, Samran Rat, Bangkok, 10200, Thailand
80/20,1052-1054 Charoen Krung 26, Maha Pruttaram, Bangkok, 10500, Thailand
Yu Ting Yuan,GF, Four Seasons Hotel at Chao Phraya River, 300/1 Charoen Krung Road, Yan Nawa, Bangkok, 10120, Thailand
Aksorn,5F, Central: The Original Store, 1266 Charoenkrung Road, Bangkok, 10500, Thailand
Khao (Ekkamai),15 Soi Ekkamai 10, Khlong Tan Nuea, Bangkok, 10110, Thailand
IGNIV,GF, The St. Regis, 159 Ratchadamri Road, Lumphini, Bangkok, 10330, Thailand
Le Normandie by Alain Roux,5F, Mandarin Oriental Hotel, 48 Soi Charoen Krung 40,  Charoen Krung Road, Bangkok, 10500, Thailand
Haoma,231/3 Soi Sukhumvit 31, Khlong Toei Nua, Bangkok, 10110, Thailand
Savelberg,136/1 Yen Akat 2 Alley, Chong Nonsi, Bangkok, 10120, Thailand
Sra Bua by Kiin Kiin,GF, Siam Kempinski Hotel, 991/9 Rama 1 Road, Pathumwan, Bangkok, 10330, Thailand
Sorn,56 Soi Sukhumvit 26, Khlong Tan, Bangkok, 10110, Thailand
Potong,422 Vanich Road, Bangkok, 10100, Thailand
Chef's Table,61F, Tower Club at Lebua, 1055 Silom Road, Silom, Bangkok, 10500, Thailand
Sühring,10 Soi Yen Akat 3, Chong Nonsi, Bangkok, 10120, Thailand
Suan Thip,17/9 Mu 7, Sukhaprachasan 2 Road, Bang Pud, Nonthaburi, 11120, Thailand
Canvas,113/9-10 Soi Sukhumvit 55, Khlong Tan Nuea, Bangkok, 10110, Thailand
J'AIME by Jean-Michel Lorain,2F, U Sathorn Hotel, 105/1 Soi Ngam Du Phli, Thung Mahamek, Bangkok, 10120, Thailand
Paste,3F, Gaysorn Village, 999 Phloen Chit Road, Lumphini, Bangkok, 10330, Thailand
Nahm,GF, Como Metropolitan, 27 Sathon Tai Road, Thung Mahamek, Bangkok, 10120, Thailand
Chim by Siam Wisdom,315 Soi Ongkharak 13, Thanon Nakhon Chai Si, Bangkok, 10110, Thailand
Oba-,Tomás Pérez Úbeda 6, Casas-Ibáñez, 02200, Spain
Zuara Sushi,Pensamiento 28, Madrid, 28020, Spain
Encanto,Largo De São Carlos 10, Lisbon, 1200 410, Portugal
Ababol,Calderón de la Barca 14, Albacete, 02002, Spain
RavioXO,Plaza de Manuel Gómez Moreno 5, Madrid, 28020, Spain
Cobo Evolución,Plaza de la Libertad 9, Burgos, 09004, Spain
COME by Paco Méndez,Avenida del Mistral 54, Barcelona, 08015, Spain
Ugo Chan,Félix Boix 6, Madrid, 28036, Spain
Mina,Muelle Marzana, Bilbao, 48003, Spain
La Aquarela,Barranco de la Verga, Patalavaca, 35129, Spain
Moments,Passeig de Gràcia 38-40, Barcelona, 08007, Spain
Lasarte,Mallorca 259, Barcelona, 08008, Spain
Dos Palillos,Elisabets 9, Barcelona, 08001, Spain
Béns d'Avall,Urbanización Costa de Deià, Sóller, 07100, Spain
Marc Fosh,De la Missió 7, Palma, 07003, Spain
Yayo Daporta,Hospital 7, Cambados, 36630, Spain
Aleia,Paseo de Gràcia 132, Barcelona, 08008, Spain
Xerta,Còrsega 289, Barcelona, 08008, Spain
Etxebarri,Plaza San Juan 1, Axpe, 48291, Spain
Alkimia,Ronda San Antoni 41 - 1º, Barcelona, 08011, Spain
ABaC,Avenida del Tibidabo 1, Barcelona, 08022, Spain
Fierro,Doctor Serrano 4, Valencia, 46006, Spain
Raúl Resino,Alacant 2, Benicarló, 12580, Spain
La Boscana,Carretera Bell-lloc d'Urgell, Bellvís, 25142, Spain
Marqués de Riscal,Torrea 1, Elciego, 01340, Spain
Venta Moncalvillo,Carretera de Medrano 6, Daroca de Rioja, 26373, Spain
Cocina Hermanos Torres,Taquígraf Serra 20, Barcelona, 08029, Spain
La Gaia,Paseo Juan Carlos I 17, Eivissa, 07800, Spain
Disfrutar,Villarroel 163, Barcelona, 08036, Spain
Angle,Aragó 214, Barcelona, 08011, Spain
Kanazawa,Rua Damião De Góis 3 A, Lisbon, 1400-291, Portugal
Akelaŕe,Paseo del Padre Orcolaga 56, Donostia / San Sebastián, 20008, Spain
Bo.TiC,Avenida Costa brava 6, Corçà, 17121, Spain
Noor,Pablo Ruiz Picasso 6, Córdoba, 14014, Spain
Magoga,Plaza Doctor Vicente García Marcos 5, Cartagena, 30201, Spain
Zaranda,Bala Roja 1, Palma, 07001, Spain
Loco,Rua dos Navegantes 53 B, Lisbon, 1200-731, Portugal
Midori,Estrada da Lagoa Azul, Sintra, 2714-511, Portugal
Fifty Seconds,Cais das Naus, Lisbon, 1990-173, Portugal
Hisop,Passatge de Marimon 9, Barcelona, 08021, Spain
Via Veneto,Ganduxer 10, Barcelona, 08021, Spain
Enoteca Paco Pérez,Marina 19, Barcelona, 08005, Spain
Beat,Urbanización Marisol Park 1A, Calp, 03710, Spain
Audrey's,Avenida Juan Carlos I 48, Calp, 03710, Spain
Mantúa,Plaza Aladro 7, Jerez de la Frontera, 11402, Spain
Baeza & Rufete,Avenida de Ansaldo 31, Alacant, 03540, Spain
Zortziko,Alameda de Mazarredo 17, Bilbao, 48001, Spain
Es Fum,Carretera Palma-Andratx 19, Palmanova, 07181, Spain
Can Bosch,Rambla Jaume I 19, Cambrils, 43850, Spain
Maralba,Violeta Parra 5, Almansa, 02640, Spain
El Corral del Indianu,Avenida de Europa 14, Arriondas, 33540, Spain
Lluerna,Avenida Pallaresa 104, Santa Coloma de Gramenet, 08921, Spain
Fusion19,Avenida s'Albufera 23, Muro, 07458, Spain
Maca de Castro,Dels Tritons, Port d'Alcúdia, 07410, Spain
L'Aliança d'Anglès,Jacint Verdaguer 3, Anglès, 17160, Spain
Solana,La Bien Aparecida 11, Ampuero, 39849, Spain
Raíces-Carlos Maldonado,Ronda de Canillo 3, Talavera de la Reina, 45600, Spain
Adrián Quetglas,Paseo de Mallorca 20, Palma, 07012, Spain
Callizo,Plaza Mayor, Ainsa, 22330, Spain
La Costa,Bulevar 48, El Ejido, 04700, Spain
Elkano,Herrerieta 2, Getaria, 20808, Spain
Dama Juana,Melchor Cobo Medina 7, Jaén, 23001, Spain
Euskalduna Studio,Rua Santo Ildefonso 404, Porto, 4000-466, Portugal
Pedro Lemos,Rua do Padre Luis Cabral 974, Porto, 4150-459, Portugal
Ment by Óscar Calleja,San Pablo 80, Salamanca, 37008, Spain
O'Pazo,Lugar de Pazos, Padrón, 15917, Spain
Tabaiba,Portugal 79, Las Palmas de Gran Canaria, 35010, Spain
A Cozinha,Largo do Serralho 4, Guimaraes, 4800-472, Portugal
Kabuki Lisboa,Rua Castilho 77B, Lisbon, 1070-050, Portugal
Ancestral,Víctor Hugo 2, Illescas, 45200, Spain
San-Hô,Avenida Virgen de Guadalupe, 21, La Caleta, Adeje, 38679, Spain
Miguel González,Aldea A Morteira 80, Pereiro de Aguiar, 32710, Spain
Lab by Sergi Arola,Estrada da Lagoa Azul, Sintra, 2714-511, Portugal
Feitoria,Doca do Bom Sucesso, Lisbon, 1400-038, Portugal
Antiqvvm,Rua de Entre Quintas 220, Porto, 4050-240, Portugal
Hofmann,La Granada del Penedès 14-16, Barcelona, 08006, Spain
Caelis,Via Laietana 49, Barcelona, 08003, Spain
Rincón de Diego,Drassanes 19, Cambrils, 43850, Spain
Can Jubany,Carretera C 25, Calldetenes, 08506, Spain
Atalaya,Camí l'Atall 1A, Alcossebre, 12579, Spain
Etxanobe Atelier,Juan de Ajuriaguerra 8, Bilbao, 48009, Spain
Los Guayres,Avenida de los Marrero 2, Puerto de Mogán, 35138, Spain
Oria,Passeig de Gràcia 75, Barcelona, 08008, Spain
Zarate,Licenciado Poza 65, Bilbao, 48013, Spain
Es Tragón,Carretera Cap Negret, Sant Antoni de Portmany, 07820, Spain
Nerua Guggenheim Bilbao,Avenida de Abandoibarra 2, Bilbao, 48009, Spain
Casa Marcial,La Salgar, La Salgar, 33549, Spain
Les Magnòlies,Paseo del Mossèn Antoni Serres 3, Arbúcies, 17401, Spain
Koy Shunka,De Copons 7, Barcelona, 08002, Spain
Cinc Sentits,Entença 60, Barcelona, 08015, Spain
El Ermitaño,Arrabal Huerta de los Salados, Benavente, 49600, Spain
Atrio,Plaza San Mateo 1, Cáceres, 10003, Spain
Ambivium,Camino de Carraovejas, Peñafiel, 47300, Spain
Boroa,Caserío Garai 11, Amorebieta - Etxano, 48340, Spain
Enigma,Sepúlveda 38, Barcelona, 08038, Spain
Peix & Brases,Plaza de Benidorm 18, Dénia, 03700, Spain
Alma,Rua Anchieta 15, Lisbon, 1200-023, Portugal
Mugaritz,Aldura Aldea 20 - Otzazulueta Baserria, Errenteria, 20100, Spain
Quique Dacosta,Rascassa 1, Dénia, 03700, Spain
La Finca,Partida de Perleta 1-7, Elche, 03295, Spain
La Bicicleta,La Plaza 12, Hoznayo, 39716, Spain
Árbore da Veira,Parque Monte San Pedro, A Coruña, 15011, Spain
Montia,Juan de Austria 7, San Lorenzo de El Escorial, 28200, Spain
Solla,Avenida Sineiro 7, San Salvador de Poio, 36005, Spain
Ola Martín Berasategui,De la Ribera 13, Bilbao, 48005, Spain
Choco,Compositor Serrano Lucena 5, Córdoba, 14010, Spain
Mesa de Lemos,Quinta de Lemos, Passos de Silgueiros, 3500-541, Portugal
Iván Cerdeño,Cigarral del Ángel, Toledo, 45004, Spain
Alejandro Serrano,Alfonso VI 49, Miranda de Ebro, 09200, Spain
Ajonegro,Hermanos Moroy 1, Logrono, 26001, Spain
L'Escaleta,Pujada Estació del Nord 205, Cocentaina, 03824, Spain
Alevante,Amílcar Barca, Novo Sancti Petri, 11139, Spain
Saddle,Amador de los Ríos 6, Madrid, 28010, Spain
Vista,Avenida Tomás Cabreira, Portimao, 8500-802, Portugal
William,Estrada Monumental 139, Funchal, 9000-098, Portugal
Kokotxa,Kanpandegi 11, Donostia / San Sebastián, 20003, Spain
Gente Rara,Santiago Lapuente 10, Saragossa, 50014, Spain
Al Sud,Resort Clubhouse, Lagos, 8500-250, Portugal
Slow & Low,Comte Borrell 119, Barcelona, 08015, Spain
Poemas by Hermanos Padrón,León y Castillo 227, Las Palmas de Gran Canaria, 35005, Spain
Real Balneario,Avenida Juan Sitges 3, Salinas, 33400, Spain
El Serbal,Avenida de Manuel García Lago 1, Santander, 39005, Spain
Casa Marcelo,Hortas 1, Santiago de Compostela, 15705, Spain
DINS Santi Taura,Plaza de Llorenç Villalonga 4, Palma, 07001, Spain
Massana,Bonastruc de Porta 10-12, Girona, 17001, Spain
Pablo,Avenida Los Cubos 8, Leon, 24007, Spain
Castell Peralada,Sant Joan, Peralada, 17491, Spain
Bardal,José Aparicio 1, Ronda, 29400, Spain
En la Parra,San Pablo 80, Salamanca, 37008, Spain
Sala,Plaza Major 17, Olost, 08516, Spain
La Lobita,Avenida La Constitución 54, Navaleno, 42149, Spain
Casa Pepa,Partida Pamis 7-30, Ondara, 03760, Spain
El Portal de Echaurren,Padre José García 19, Ezcaray, 26280, Spain
Aponiente,Francisco Cossi Ochoa, El Puerto de Santa María, 11500, Spain
Víctor Gutiérrez,Empedrada 4, Salamanca, 37007, Spain
Emporium,Santa Clara 31, Castelló d'Empúries, 17486, Spain
Cañabota,Orfila 3, Seville, 41003, Spain
A Tafona,Virxe da Cerca 7, Santiago de Compostela, 15703, Spain
Coto de Quevedo,Paraje Tejeras Viejas, Torre de Juan Abad, 13344, Spain
Taller,Carretera N-122, Quintanilla de Onésimo, 47350, Spain
Gaytán,Príncipe de Vergara 205, Madrid, 28002, Spain
Belcanto,Rua Serpa Pinto 10, Lisbon, 1200-410, Portugal
Lera,Conquistadores Zamoranos 6, Castroverde de Campos, 49110, Spain
Els Casals,Finca Els Casals, Sagàs, 08517, Spain
La Botica,Plaza Mayor 2, Matapozuelos, 47230, Spain
Lúa,Eduardo Dato 5, Madrid, 28003, Spain
Cocinandos,Plaza de San Marcos 5, Leon, 24001, Spain
L'Ó,Camí de Sant Benet de Bages, Sant Fruitós de Bages, 08272, Spain
Refectorio,Carretera N 122, Sardón de Duero, 47340, Spain
Smoked Room,Paseo de la Castellana 57, Madrid, 28046, Spain
Deliranto,Llevant 7, Salou, 43840, Spain
Casona del Judío,Repuente 20, Santander, 39012, Spain
Nova,Valle Inclán 5, Ourense, 32004, Spain
El Xato,Avenida l'Esglèsia 3, la Nucía, 03530, Spain
Cabaña Buenavista,Urbanización Buenavista, El Palmar, 30120, Spain
Les Cols,Carretera de la Canya, Olot, 17800, Spain
AlmaMater,Madre de Dios 15, Murcia, 30004, Spain
Culler de Pau,Reboredo 73, O Grove, 36980, Spain
Bagá,Reja de la Capilla 3, Jaén, 23001, Spain
Nub,Avenida de Bruselas, Adeje, 38660, Spain
CURA,Rua Rodrigo da Fonseca 88, Lisbon, 1099-039, Portugal
Lillas Pastia,Plaza de Navarra 4, Huesca, 22002, Spain
Tatau,Azara, Huesca, 22002, Spain
Kaido Sushi Bar,Chile 3, Valencia, 46021, Spain
Código de Barra,San Francisco 7, Cadiz, 11004, Spain
DiverXO,Padre Damián 23, Madrid, 28036, Spain
José Carlos García,Plaza de la Capilla, Malaga, 29016, Spain
A'Barra,Del Pinar 15, Madrid, 28006, Spain
El Invernadero,Ponzano 85, Madrid, 28003, Spain
Abantal,Alcalde José de la Bandera 7, Seville, 41003, Spain
Retiro da Costiña,Avenida de Santiago 12, Santa Comba, 15840, Spain
El Nuevo Molino,Barrio Monseñor 18, Puente Arce, 39478, Spain
Eirado,Plaza da Leña 3, Pontevedra, 36002, Spain
Arbidel,Oscura 1, Ribadesella, 33560, Spain
Casa Gerardo,Carretera AS 19, Prendes, 33438, Spain
Skina,Aduar 12, Marbella, 29601, Spain
Martín Berasategui,Loidi 4, Lasarte - Oria, 20160, Spain
As Garzas,Porto Barizo 40, Barizo, 15113, Spain
Ferpel Gastronómico,Coaña, Ortiguera, 33716, Spain
Eneko,Legina Auzoa, Larrabetzu, 48195, Spain
Europa,Espoz y Mina 11-1°, Pamplona, 31002, Spain
Rodero,Emilio Arrieta 3, Pamplona, 31002, Spain
Alameda,Minasoroeta 1, Hondarribia, 20280, Spain
Malena,Carretera de Sucs, Gimenells, 25112, Spain
Ceibe,San Miguel 8, Ourense, 32005, Spain
Tula,Avenida de la Llibertat 36, Xàbia, 03730, Spain
Azurmendi,Legina Auzoa, Larrabetzu, 48195, Spain
Atempo,Còrsega 200, Barcelona, 08036, Spain
Tresmacarrons,Avenida del Maresme 21, El Masnou, 08320, Spain
Messina,Avenida Severo Ochoa 12, Marbella, 29603, Spain
LÚ Cocina y Alma,Zaragoza 2, Jerez de la Frontera, 11402, Spain
La Fonda Xesc,Plaza Roser 1, Gombrèn, 17531, Spain
Quimbaya,Zurbano 63, Madrid, 28010, Spain
Kaleja,Marquesa de Moya 9, Malaga, 29015, Spain
El Celler de Can Roca,Can Sunyer 48, Girona, 17007, Spain
Monte,San Feliz, San Feliz, 33638, Spain
El Rincón de Juan Carlos,Avenida Virgen de Guadalupe 21, La Caleta, Adeje, 38679, Spain
Gusto by Heinz Beck,Estrada de Vale do Lobo a Quinta do Lago, Almancil, 8135-106, Portugal
ODEÓN Nazario Cano,Avenida Juan de Borbón 224 - 2º, Murcia, 30110, Spain
Fortaleza do Guincho,Estrada do Guincho 2413, Praia do Guincho, 2750-642, Portugal
Cancook,de León XIII 2, Saragossa, 50001, Spain
El Bohío,Avenida Castilla-La Mancha 81, Illescas, 45200, Spain
Nintai,Ramón Gómez de la Serna 18, Marbella, 29602, Spain
Ayalga,Dionisio Ruisánchez 6, Ribadesella, 33560, Spain
Ocean,Rua Anneliese Pohl, Porches, 8400-450, Portugal
Fogony,Avenida Generalitat 45, Sort, 25560, Spain
Baluarte,Caballeros 14, Soria, 42002, Spain
Maruja Limón,Montero Ríos 4, Vigo, 36201, Spain
Cenador de Amós,Plaza del Sol, Villaverde de Pontones, 39793, Spain
Le Monument,Avenida dos Aliados 151, Porto, 4000-067, Portugal
Alquimia - Laboratorio,Antigua 6, Valladolid, 47002, Spain
Vila Foz,Avenida De Montevideu 236, Porto, 4150-516, Portugal
EPUR,Largo da Academia Nacional de Belas Artes 14, Lisbon, 1200-005, Portugal
Silabario,Príncipe 44, Vigo, 36202, Spain
La Salita,Pere III El Gran 11, Valencia, 46005, Spain
G Pousada,Estrada de Turismo, Bragança, 5300-271, Portugal
Garena,Barrio Iturriotz 11, Dima, 48141, Spain
La Biblioteca,Beloso Bajo 11, Pamplona, 31016, Spain
Ca l'Enric,Carretera Camprodón N 260, La Vall de Bianya, 17813, Spain
L'Antic Molí,Barri Castell, Ulldecona, 43550, Spain
Villa Retiro,Dels Molins 2, Xerta, 43592, Spain
Cal Paradís,Avenida Vilafranca 30, Vall d'Alba, 12194, Spain
Hospedería El Batán,Carretera A 1512, Tramacastilla, 44112, Spain
ARREA!,Subida del Frontón 46, Santa Cruz de Campezo, 01110, Spain
Amelia by Paulo Airaudo,Zubieta 26, Donostia / San Sebastián, 20007, Spain
Ibaya,Carretera General 2, Soldeu, AD100, Andorra
Vistas Rui Silvestre,Sitio de Pocinho, Vila Nova de Cacela, 8900-907, Portugal
The Yeatman,Rua do Choupelo, Vila Nova de Gaia, 4400-088, Portugal
Lienzo,Plaza de Tetuán 18, Valencia, 46003, Spain
Vila Joya,Estrada da Galé, Albufeira, 8200-416, Portugal
El Poblet,Correos 8-1º, Valencia, 46002, Spain
El Molino de Urdániz,Carretera N 135, Urdaitz, 31698, Spain
El Molino de Alcuneza,Carretera GU 128, Sigüenza, 19250, Spain
Quatre Molins,Comte de Rius 8, Cornudella de Montsant, 43360, Spain
Chirón,Alarcón 27, Valdemoro, 28341, Spain
El Doncel,Paseo de la Alameda 3, Sigüenza, 19250, Spain
Eneko Lisboa,Rua Maria Luisa Holstein 13, Lisbon, 1300-388, Portugal
Les Moles,Carretera de La Sénia, Ulldecona, 43550, Spain
La Prensa,José Nebra 3, Saragossa, 50007, Spain
El Lago,Avenida Marco Polo, Marbella, 29603, Spain
Trigo,Tintes 8, Valladolid, 47002, Spain
Auga,Claudio Alvargonzález, Gijón, 33201, Spain
Ricardo Sanz Wellington,Velázquez 6, Madrid, 28001, Spain
Paco Roncero,Alcalá 15, Madrid, 28014, Spain
Miramar,Passeig Marítim 7, Llançà, 17490, Spain
Ikaro,Avenida de Portugal 3, Logrono, 26001, Spain
Riff,Conde de Altea 18, Valencia, 46005, Spain
Corral de la Morería Gastronómico,Morería 17, Madrid, 28005, Spain
Bon Bon,Estrada de Sesmarias, Lagoa, 8400-525, Portugal
La Finca,Carretera Salinas-Villanueva de Tapia (A-333), Loja, 18300, Spain
A Ver Tavira,Calçada da Galeria 13, Tavira, 8800-306, Portugal
Yugo,San Blas 4, Madrid, 28014, Spain
Els Tinars,Carretera de Sant Feliu de Guíxols, Llagostera, 17240, Spain
100 Maneiras,Rua do Teixeira 39, Lisbon, 1200-459, Portugal
Clos Madrid,Raimundo Fernández Villaverde 24, Madrid, 28003, Spain
M.B,Carretera TF 47, Guía de Isora, 38687, Spain
La Cuina de Can Simón,Portal 24, Tossa de Mar, 17320, Spain
Voro,Urbanización Atalaya de Canyamel, Canyamel, 07589, Spain
Retama,Camino  de Altamar, Torrenueva, 13740, Spain
Pepe Vieira,Camiño da Serpe, Serpe, 36992, Spain
Ramón Freixa Madrid,Claudio Coello 67, Madrid, 28001, Spain
El Retiro,Carretera Pancar, Llanes, 33500, Spain
Aürt,Paseo del Taulat 262-264, Barcelona, 08019, Spain
Sollo,Avenida del Higuerón 48, Fuengirola, 29640, Spain
Andra Mari,Barrio Elexalde 22, Galdakao, 48960, Spain
BonAmb,Carretera de Benitachell 100, Xàbia, 03730, Spain
Abama Kabuki,Carretera TF 47, Guía de Isora, 38680, Spain
Arrels,Castillo 18, Sagunt, 46500, Spain
Coque,Marqués de Riscal 11, Madrid, 28010, Spain
Kiro Sushi,Emilia Pardo Bazán 5, Logrono, 26009, Spain
DSTAgE,Regueros 8, Madrid, 28004, Spain
Gofio,Lope de Vega 9, Madrid, 28014, Spain
Eleven,Rua Marquês de Fronteira, Lisbon, 1070-051, Portugal
Casa de Chá da Boa Nova,Avenida da Liberdade, Leça da Palmeira, 4450-705, Portugal
Arzak,Avenida Alcalde José Elosegi 273, Donostia / San Sebastián, 20015, Spain
Etxeko Ibiza,Avenida de Cala Nova, Es Canar, 07840, Spain
La Tasquería,Duque de Sesto 48, Madrid, 28009, Spain
Versátil,Lagar 6, Zarza de Granadilla, 10710, Spain
Sushi Kojima,5F, 7-3-8 Ginza, Chuo-ku, Tokyo, 104-0061, Japan
Ginza Fujiyama,7F, 3-3-6 Ginza, Chuo-ku, Tokyo, 104-0061, Japan
UDATSU SUSHI,2-48-10 Kamimeguro, Meguro-ku, Tokyo, 153-0051, Japan
SHIGEMATSU,4F, 6-5-15 Ginza, Chuo-ku, Tokyo, 104-0061, Japan
L'OSIER,7-5-5 Ginza, Chuo-ku, Tokyo, 104-0061, Japan
Édition Koji Shimomura,1F, Roppongi T-Cube, 3-1-1 Roppongi, Minato-ku, Tokyo, 106-0032, Japan
Crony,1-20-3 Higashiazabu, Minato-ku, Tokyo, 106-0044, Japan
Hakuun,4-11-2 Minamiaoyama, Minato-ku, Tokyo, 107-0062, Japan
GINZA OKUDA,B1F, 5-4-8 Ginza, Chuo-ku, Tokyo, 104-0061, Japan
Tempura Ginya,B1F, 5-17-9 Shirokanedai, Minato-ku, Tokyo, 108-0071, Japan
Nanakusa,2-22-5 Tomigaya, Shibuya-ku, Tokyo, 151-0063, Japan
CRAFTALE,2F, 1-16-11 Aobadai, Meguro-ku, Tokyo, 153-0042, Japan
Nogizaka Shin,8-11-19 Akasaka, Minato-ku, Tokyo, 107-0052, Japan
Daigo,2F, Forest Tower, 2-3-1 Atago, Minato-ku, Tokyo, 105-0002, Japan
Nishiazabu Sushi Shin,4-18-20 Nishiazabu, Minato-ku, Tokyo, 106-0031, Japan
Regalo,B1F, 4-6-2 Yoyogi, Shibuya-ku, Tokyo, 151-0053, Japan
Quintessence,1F, Garden City Shinagawa Gotenyama, 6-7-29 Kitashinagawa, Shinagawa-ku, Tokyo, 141-0001, Japan
Nihombashikakigaracho Sugita,B1F, 1-33-6 Nihombashikakigaracho, Chuo-ku, Tokyo, 103-0014, Japan
Okamoto,B1F, 5-2-8 Toranomon, Minato-ku, Tokyo, 105-0001, Japan
L'Effervescence,2-26-4 Nishiazabu, Minato-ku, Tokyo, 106-0031, Japan
Ristorante HONDA,2-12-35 Kitaaoyama, Minato-ku, Tokyo, 107-0061, Japan
Principio,2F, 2-4-8 Azabujuban, Minato-ku, Tokyo, 106-0045, Japan
TACUBO,2-13-16 Ebisunishi, Shibuya-ku, Tokyo, 150-0021, Japan
Shunkeian Arakaki,3-5-10 Minato, Chuo-ku, Tokyo, 104-0043, Japan
Higashiazabu Amamoto,1-7-9 Higashiazabu, Minato-ku, Tokyo, 106-0044, Japan
Gucci Osteria da Massimo Bottura Tokyo,4F, 6-6-12 Ginza, Chuo-ku, Tokyo, 104-0061, Japan
LATURE,B1F, 2-2-2 Shibuya, Shibuya-ku, Tokyo, 150-0002, Japan
Kasumicho Yamagami,3F, 4-2-13 Nishiazabu, Minato-ku, Tokyo, 106-0031, Japan
Chugoku Hanten Kohakukyu (Amber Palace),5F, Palace Hotel Tokyo, 1-1-1 Marunouchi, Chiyoda-ku, Tokyo, 100-0005, Japan
ShinoiS,2F, 4-2-7 Shirokanedai, Minato-ku, Tokyo, 108-0071, Japan
Myojaku,B1F, 3-2-34 Nishiazabu, Minato-ku, Tokyo, 106-0031, Japan
Sushidokoro Kiraku,1-12-12 Kyodo, Setagaya-ku, Tokyo, 156-0052, Japan
Tanimoto,3F, 3-1 Kagurazaka, Shinjuku-ku, Tokyo, 162-0825, Japan
NARISAWA,2-6-15 Minamiaoyama, Minato-ku, Tokyo, 107-0062, Japan
SANT PAU,2F, The Kitano Hotel, 2-16-15 Hirakawacho, Chiyoda-ku, Tokyo, 103-0027, Japan
Sawada,3F, 5-9-19 Ginza, Chuo-ku, Tokyo, 104-0061, Japan
Nodaiwa Azabu Iikura Honten,1-5-4 Higashiazabu, Minato-ku, Tokyo, 106-0044, Japan
Tenoshima,2F, 1-3-21 Minamiaoyama, Minato-ku, Tokyo, 107-0062, Japan
PRUNIER,2F, Tokyo Kaikan, 3-2-1 Marunouchi, Chiyoda-ku, Tokyo, 100-0005, Japan
amarantos,2F, 2-18-5 Akasaka, Minato-ku, Tokyo, 107-0052, Japan
Ginza Kousui,8F, 6-12-14 Ginza, Chuo-ku, Tokyo, 104-0061, Japan
Yakumo Uezu,1-3-9 Yakumo, Meguro-ku, Tokyo, 152-0023, Japan
ZURRIOLA,4F, Kojun Bldg, 6-8-7 Ginza, Chuo-ku, Tokyo, 104-0061, Japan
Jingumae Higuchi,2-19-12 Jingumae, Shibuya-ku, Tokyo, 150-0001, Japan
Chukasoba Ginza Hachigou,3-14-2 Ginza, Chuo-ku, Tokyo, 104-0061, Japan
Hato,5-7 Kagurazaka, Shinjuku-ku, Tokyo, 162-0825, Japan
Sosakumenkobo NAKIRYU,2-34-4 Minamiotsuka, Toshima-ku, Tokyo, 170-0005, Japan
Nishiazabu Taku,2-11-5 Nishiazabu, Minato-ku, Tokyo, 106-0031, Japan
Azabu Wakei,2-7-9 Nishiazabu, Minato-ku, Tokyo, 106-0031, Japan
Ode,2F, 5-1-32 Hiro, Shibuya-ku, Tokyo, 150-0012, Japan
PIERRE GAGNAIRE,36F, ANA InterContinental Tokyo, 1-12-33 Akasaka, Minato-ku, Tokyo, 107-0052, Japan
nôl,1F, DDD HOTEL, 2-2-1 Nihombashibakurocho, Chuo-ku, Tokyo, 103-0002, Japan
SÉZANNE,7F, Four Seasons Hotel Tokyo at Marunouchi, 1-11-1 Marunouchi, Chiyoda-ku, Tokyo, 100-6277, Japan
PRISMA,6-4-6 Minamiaoyama, Minato-ku, Tokyo, 107-0062, Japan
Le Coq,2-7-2 Ebisunishi, Shibuya-ku, Tokyo, 150-0021, Japan
Tentempura Uchitsu,5-25-4 Hiro, Shibuya-ku, Tokyo, 150-0012, Japan
Seiju,B1F, 3-16-9 Tsukiji, Chuo-ku, Tokyo, 104-0045, Japan
Takagakino Sushi,1-30-2 Nihombashikakigaracho, Chuo-ku, Tokyo, 103-0014, Japan
Shichubo Yung,6-5-5 Shirokane, Minato-ku, Tokyo, 108-0072, Japan
Simplicité,2F, 3-9 Sarugakucho, Shibuya-ku, Tokyo, 150-0033, Japan
Shigeyuki,2-17-3 Nishihara, Shibuya-ku, Tokyo, 151-0066, Japan
Oku,3-42-11 Asakusa, Taito-ku, Tokyo, 111-0032, Japan
Towa,2F, 4-11-25 Nishiazabu, Minato-ku, Tokyo, 106-0031, Japan
au deco,2-23-3 Ebisu, Shibuya-ku, Tokyo, 150-0013, Japan
Tour D'argent Tokyo,Lobby floor, Hotel New Otani (The Main), 4-1 Kioicho, Chiyoda-ku, Tokyo, 102-8578, Japan
Azabu Kadowaki,2-7-2 Azabujuban, Minato-ku, Tokyo, 106-0045, Japan
Sushi Ichijo,3-1-3 Higashinihombashi, Chuo-ku, Tokyo, 103-0004, Japan
élan,4F, GYRE, 5-10-1 Jingumae, Shibuya-ku, Tokyo, 150-0001, Japan
Edomae Sushi Hanabusa,9-1-7 Akasaka, Minato-ku, Tokyo, 107-0052, Japan
Guchokuni,4F, 4-3 Kagurazaka, Shinjuku-ku, Tokyo, 162-0825, Japan
ESTERRE,6F, Palace Hotel Tokyo, 1-1-1 Marunouchi, Chiyoda-ku, Tokyo, 100-0005, Japan
Ten Yokota,2F, 3-10-5 Motoazabu, Minato-ku, Tokyo, 106-0046, Japan
Jushu,2-16-1 Nishiazabu, Minato-ku, Tokyo, 106-0031, Japan
Nihombashi Sonoji,2-22-11 Nihombashiningyocho, Chuo-ku, Tokyo, 103-0013, Japan
Seizan,B1F, 2-17-29 Mita, Minato-ku, Tokyo, 108-0073, Japan
Seika Kobayashi,10-17 Arakicho, Shinjuku-ku, Tokyo, 160-0007, Japan
HOMMAGE,4-10-5 Asakusa, Taito-ku, Tokyo, 111-0032, Japan
sio,1-35-3 Uehara, Shibuya-ku, Tokyo, 151-0064, Japan
FARO,10F, 8-8-3 Ginza, Chuo-ku, Tokyo, 104-0061, Japan
L'aube,1F, Ark Hills Sengokuyama Mori Tower, 1-9-10 Roppongi, Minato-ku, Tokyo, 106-0032, Japan
Jukuseizushi Yorozu,3F, 4-6-5 Higashi, Shibuya-ku, Tokyo, 150-0011, Japan
Yuan Yamori,3-9-7 Tsukishima, Chuo-ku, Tokyo, 104-0052, Japan
SOBAHOUSE KONJIKI HOTOTOGISU,2-4-1 Shinjuku, Shinjyuku-ku, Tokyo, 160-0022, Japan
Nabeno-Ism,2-1-17 Komagata, Taito-ku, Tokyo, 111-0043, Japan
BIRD LAND,B1F, 4-2-15 Ginza, Chuo-ku, Tokyo, 104-0061, Japan
Tamawarai,5-23-3 Jingumae, Shibuya-ku, Tokyo, 150-0001, Japan
Kohaku,3-4 Kagurazaka, Shinjuku-ku, Tokyo, 162-0825, Japan
TOKi,2F, 1-8-4 Shimbashi, Minato-ku, Tokyo, 105-0004, Japan
Torakuro,B1F, Imperial Hotel Tower, 1-1-1 Uchisaiwaicho, Chiyoda-ku, Tokyo, 100-8558, Japan
Sorahana,5-3-3 Toranomon, Minato-ku, Tokyo, 105-0001, Japan
Sushi Ryujiro,2-11-11 Minamiaoyama, Minato-ku, Tokyo, 107-0062, Japan
Takumi Sushi Owana,4F, 1-17-17 Ebisuminami, Shibuya-ku, Tokyo, 150-0022, Japan
Le Mange-Tout,22 Nandomachi, Shinjuku-ku, Tokyo, 162-0837, Japan
Sushi Masashi,5F, 2-12-27 Kitaaoyama, Minato-ku, Tokyo, 107-0061, Japan
Ren Mishina,B1F, 7-3-13 Ginza, Chuo-ku, Tokyo, 104-0061, Japan
Ippei Hanten,3-12-41 Motoazabu, Minato-ku, Tokyo, 106-0046, Japan
NéMo,B1F, 6-15-4 Minamiaoyama, Minato-ku, Tokyo, 107-0062, Japan
Nœud. TOKYO,B1F, 2-5-7 Hirakawacho, Chiyoda-ku, Tokyo, 102-0093, Japan
Oniku Karyu,7F, 1-14-6 Ginza, Chuo-ku, Tokyo, 104-0061, Japan
Les Saisons,MF, Main Bldg, Imperial Hotel Tokyo, 1-1-1 Uchisaiwaicho, Chiyoda-ku, Tokyo, 100-8558, Japan
RyuGin,7F, Tokyo Midtown Hibiya, 1-1-2 Yurakucho, Chiyoda-ku, Tokyo, 100-0006, Japan
Kutan,2-5-5 Shintomi, Chuo-ku, Tokyo, 104-0041, Japan
Oryori Tsuji,B1F, 3-3-9 Higashiazabu, Minato-ku, Tokyo, 106-0044, Japan
Kagurazaka Ishikawa,5-37 Kagurazaka, Shinjuku-ku, Tokyo, 162-0825, Japan
Sushi Yoshitake,9F, 7-8-13 Ginza, Chuo-ku, Tokyo, 104-0061, Japan
Chugoku Hanten Fureika,3-7-5 Higashiazabu, Minato-ku, Tokyo, 106-0044, Japan
Kaiseki Komuro,35-4 Wakamiyacho, Shinjuku-ku, Tokyo, 162-0827, Japan
Edomae Shinsaku,6F, 2-10-11 Nihombashiningyocho, Chuo-ku, Tokyo, 103-0013, Japan
BVLGARI IL RISTORANTE LUCA FANTIN,9F, 2-7-12 Ginza, Chuo-ku, Tokyo, 104-0061, Japan
ESqUISSE,9F, 5-4-6 Ginza, Chuo-ku, Tokyo, 104-0061, Japan
Seisoka,4-2-34 Minamiazabu, Minato-ku, Tokyo, 106-0047, Japan
Ishibashi,2-4-29 Suido, Bunkyo-ku, Tokyo, 112-0005, Japan
Sushi Matsuura,5-7-8 Shirokane, Minato-ku, Tokyo, 108-0072, Japan
REQUINQUER,5-17-11 Shirokanedai, Minato-ku, Tokyo, 108-0071, Japan
Kaiseki Tsujitome,B1F, 1-5-8 Motoakasaka, Minato-ku, Tokyo, 107-0051, Japan
Kioicho Fukudaya,1-13 Kioicho, Chiyoda-ku, Tokyo, 102-0094, Japan
WASA,3-16-1 Higashi, Shibuya-ku, Tokyo, 150-0011, Japan
Tempura Shimomura,1-11-13 Misuji, Taito-ku, Tokyo, 111-0055, Japan
Sincère,B1F, 3-7-13 Sendagaya, Shibuya-ku, Tokyo, 151-0051, Japan
Den,2-3-18 Jingumae, Shibuya-ku, Tokyo, 150-0001, Japan
L'ATELIER de Joël Robuchon,2F, Roppongi Hills Hillside, 6-10-1 Roppongi, Minato-ku, Tokyo, 106-0032, Japan
Sushiya Shota,3-3-10 Azabujuban, Minato-ku, Tokyo, 106-0045, Japan
recte,2F, 2-17-5 Ebisunishi, Shibuya-ku, Tokyo, 150-0021, Japan
Sazenka,4-7-5 Minamiazabu, Minato-ku, Tokyo, 106-0047, Japan
Ginza Yamanobe Edo Chuka,9F, 6-7-6 Ginza, Chuo-ku, Tokyo, 104-0061, Japan
Usukifugu Yamadaya,B1F,  4-11-14 Nishiazabu, Minato-ku, Tokyo, 106-0031, Japan
Ryuzu,B1F, 4-2-35 Roppongi, Minato-ku, Tokyo, 106-0032, Japan
Dominique Bouchet,2F, 1-5-6 Ginza, Chuo-ku, Tokyo, 104-0061, Japan
Ginza Shinohara,B1F, 2-8-17 Ginza, Chuo-ku, Tokyo, 104-0061, Japan
Joël Robuchon,Yebisu Garden Place, 1-13-1 Mita, Meguro-ku, Tokyo, 153-0062, Japan
Ensui,1-5-12 Nakameguro, Meguro-ku, Tokyo, 153-0061, Japan
ALTER EGO,2-2-32 Kandajimbocho, Chiyoda-ku, Tokyo, 101-0051, Japan
TEN-MASA,B1F, 3-16-13 Kamimeguro, Meguro-ku, Tokyo, 153-0051, Japan
BOTTEGA,B1F, 5-17-8 Hiro, Shibuya-ku, Tokyo, 150-0012, Japan
JO,B1F, 2-24-14 Nishiazabu, Minato-ku, Tokyo, 106-0031, Japan
L'AFFINAGE,2F, 5-9-16 Ginza, Chuo-ku, Tokyo, 104-0061, Japan
Akanezaka Onuma,3F, 3-12-2 Akasaka, Minato-ku, Tokyo, 107-0052, Japan
l'intemporel,4-9-3 Minamiaoyama, Minato-ku, Tokyo, 107-0062, Japan
Ginza Toyoda,2F, 7-5-4 Ginza, Chuo-ku, Tokyo, 104-0061, Japan
Floraison,2F, 3-6-29 Kagurazaka, Shinjuku-ku, Tokyo, 162-0825, Japan
est,39F, Four Seasons Hotel Tokyo at Otemachi, 1-2-1 Otemachi, Chiyoda-ku, Tokyo, 100-0004, Japan
Oryori Katsushi,3F, 8-7-19 Ginza, Chuo-ku, Tokyo, 104-0061, Japan
Sushi Murayama,7F, 7-6-2 Ginza, Chuo-ku, Tokyo, 104-0061, Japan
Torishiki,2-14-12 Kamiosaki, Shinagawa-ku, Tokyo, 141-0021, Japan
MAKIYAKI GINZA ONODERA,9F, 5-14-14 Ginza, Chuo-ku, Tokyo, 104-0061, Japan
Sushi Hashimoto,1-8-2 Shintomi, Chuo-ku, Tokyo, 104-0041, Japan
Akiyama,6-5-3 Shirokane, Minato-ku, Tokyo, 108-0072, Japan
Aroma Fresca,12F, 2-6-5 Ginza, Chuo-ku, Tokyo, 104-0061, Japan
Arakicho Tatsuya,10 Arakicho, Shinjuku-ku, Tokyo, 160-0007, Japan
Kobikicho Tomoki,4-12-2 Ginza, Chuo-ku, Tokyo, 104-0061, Japan
Onarimon Haru,1-2-2 Shibadaimon, Minato-ku, Tokyo, 105-0012, Japan
ASAHINA Gastronome,1-4 Nihombashikabutocho, Chuo-ku, Tokyo, 103-0026, Japan
LA TABLE de Joël Robuchon,Yebisu Garden Place, 1-13-1 Mita, Meguro-ku, Tokyo, 153-0062, Japan
La Paix,B1F, 1-9-4 Nihombashimuromachi, Chuo-ku, Tokyo, 103-0022, Japan
Waketokuyama,5-1-5 Minamiazabu, Minato-ku, Tokyo, 106-0047, Japan
Kaiseki Ohara,2F, 1 Arakicho, Shinjuku-ku, Tokyo, 160-0007, Japan
Yakitori Omino,1-38-4 Oshiage, Sumida-ku, Tokyo, 131-0045, Japan
Ginza Adachi Naoto,2F, 7-6-5 Ginza, Chuo-ku, Tokyo, 104-0061, Japan
abysse,1-30-12 Ebisunishi, Shibuya-ku, Tokyo, 150-0021, Japan
Ginza Kojyu,4F, 5-4-8 Ginza, Chuo-ku, Tokyo, 104-0061, Japan
Shokuzen Abe,4F, 5-6-10 Ginza, Chuo-ku, Tokyo, 104-0061, Japan
Sushi Kuwano,3F, 8-7-6 Ginza, Chuo-ku, Tokyo, 104-0061, Japan
Tempura Miyashiro,2-18-11 Kamimeguro, Meguro-ku, Tokyo, 153-0051, Japan
Tempura Motoyoshi,3F, 2-8-11 Ebisunishi, Shibuya-ku, Tokyo, 150-0021, Japan
L'ARGENT,7F, 5-8-1 Ginza, Chuo-ku, Tokyo, 104-0061, Japan
Tempura Maehira,4F, 2-8-16 Azabujuban, Minato-ku, Tokyo, 106-0045, Japan
Tempura Kondo,9F, 5-5-13 Ginza, Chuo-ku, Tokyo, 104-0061, Japan
La Clairière,3-14-10 Shirokane, Minato-ku, Tokyo, 108-0072, Japan
Ginza Kitafuku,3F, 7-4-5 Ginza, Chuo-ku, Tokyo, 104-0061, Japan
Kanda,1F, Toranomon Hills Residential Tower, 1-1-1 Atago, Minato-ku, Tokyo, 105-0002, Japan
Kyobashi Tempura Fukamachi,2-5-2 Kyobashi, Chuo-ku, Tokyo, 104-0031, Japan
Tempura Yaguchi,2-9-7 Nihombashiningyocho, Chuo-ku, Tokyo, 103-0013, Japan
Sharikimon Onozawa,6-39 Arakicho, Shinjuku-ku, Tokyo, 160-0007, Japan
Sushi Keita,6-6-4 Tsukiji, Chuo-ku, Tokyo, 104-0045, Japan
BEIGE Alain Ducasse,10F, 3-5-3 Ginza, Chuo-ku, Tokyo, 104-0061, Japan
Harutaka,6F, 8-3-1 Ginza, Chuo-ku, Tokyo, 104-0061, Japan
Takumi,1-11-10 Nishiazabu, Minato-ku, Tokyo, 106-0031, Japan
Makimura,3-11-5 Minamioi, Shinagawa-ku, Tokyo, 140-0013, Japan
le sputnik,7-9-9 Roppongi, Minato-ku, Tokyo, 106-0032, Japan
Sushi Kanesaka,B1F, 8-10-3 Ginza, Chuo-ku, Tokyo, 104-0061, Japan
Jizozushi,2F, 3-18-5 Shirokanedai, Minato-ku, Tokyo, 108-0071, Japan
Akasaka Kikunoi,6-13-8 Akasaka, Minato-ku, Tokyo, 107-0052, Japan
Akasaka Momonoki,3F, Kioi Terrace, 1-3 Kioicho, Chiyoda-ku, Tokyo, 102-0094, Japan
Kagurazaka Marutomi,3-4 Fukuromachi, Shinjuku-ku, Tokyo, 162-0828, Japan
Ginza Fukuju,5F, 8-8-19 Ginza, Chuo-ku, Tokyo, 104-0061, Japan
Series,3-4-11 Azabudai, Minato-ku, Tokyo, 106-0041, Japan
Sumibikappo SHIROSAKA,6-3-9 Akasaka, Minato-ku, Tokyo, 107-0052, Japan
LUGDUNUM Bouchon Lyonnais,4-3-7 Kagurazaka, Shinjuku-ku, Tokyo, 162-0825, Japan
Florilège,B1F, 2-5-4 Jingumae, Shibuya-ku, Tokyo, 150-0001, Japan
Sushi Takamitsu,1-28-2 Aobadai, Meguro-ku, Tokyo, 153-0042, Japan
Alchimiste,5-17-10 Shirokanedai, Minato-ku, Tokyo, 108-0071, Japan
Ishibashi,3-6-8 Sotokanda, Chiyoda-ku, Tokyo, 101-0021, Japan
Nishiazabu Otake,1-4-23 Nishiazabu, Minato-ku, Tokyo, 106-0031, Japan
itsuka,2F, 2-14-15 Minamiaoyama, Minato-ku, Tokyo, 107-0062, Japan
Shimbashi Sasada,1-23-7 Nishishimbashi, Minato-ku, Tokyo, 105-0003, Japan
FUSHIKINO,2F, 4-3-11 Kagurazaka, Shinjuku-ku, Tokyo, 162-0825, Japan
Sukiyabashi Jiro Roppongiten,3F, Roppongi Hills Residence B, 6-12-2 Roppongi, Minato-ku, Tokyo, 106-0032, Japan
Azabujuban Fukuda,3-7-5 Azabujuban, Minato-ku, Tokyo, 106-0045, Japan
Akasaka Ogino,6-3-13 Akasaka, Minato-ku, Tokyo, 107-0052, Japan
99 Sushi Bar,The Galleria, Four Seasons Al Maryah Island Hotel, Abu Dhabi
Talea by Antonio Guida,Emirates Palace Mandarin Oriental Hotel, West Corniche Road, Al Ras Al Akhdar, Abu Dhabi
Hakkasan,Emirates Palace Mandarin Oriental Hotel, West Corniche Road, Al Ras Al Akhdar, Abu Dhabi
Andrea Aprea,corso Venezia 52, Milan, 20122, Italy
Il Sereno Al Lago,via Torrazza 10, Torno, 22020, Italy
Paolo Griffa al Caffè Nazionale,piazza Emile Chanoux 9, Aosta, 11100, Italy
Pulejo,via dei Gracchi 31, Rome, 00192, Italy
Trattoria Contemporanea,via del Ronco 10, Lomazzo, 22074, Italy
Principe Cerami,piazza San Domenico 5, Taormina, 98039, Italy
Cannavacciuolo Vineyard,via del Teatro 8, Casanova di Terricciola, 56030, Italy
Chic Nonna di Vito Mollica,via del Corso 6, Florence, 50122, Italy
Andrea Larossa,via Sabaudia 4, Turin, 10133, Italy
Līmū,via Ciro Scianna 177, Bagheria, 90011, Italy
Tano Passami l'Olio,via Francesco Petrarca 4, Milan, 20123, Italy
Il Fuoco Sacro,strada di Buddeo, San Pantaleo, 07026, Italy
Glicine,via Mauro Comite 9, Amalfi, 84011, Italy
Fre,località San Sebastiano 68, Monforte d'Alba, 12065, Italy
Sintesi,viale dei Castani 17, Ariccia, 00072, Italy
Glam Enrico Bartolini,calle Tron, sestiere Santa Croce 1961, Venice, 30124, Italy
Silene,Località Pescina 9, Seggiano, 58038, Italy
Trattoria da Amerigo,via Marconi 16, Savigno, 40060, Italy
Bolle,via Provinciale 30, Lallio, 24040, Italy
Osteria di Passignano,via Passignano 33, Passignano, 50028, Italy
I Portici,via dell'Indipendenza 69, Bologna, 40121, Italy
Villa Naj,via Martiri Partigiani 5, Stradella, 27049, Italy
La Sala dei Grappoli,Castello Banfi, Poggio alle Mura, 53024, Italy
Peter Brunel Ristorante Gourmet,via Linfano 47, Arco, 38062, Italy
Taverna del Capitano,piazza delle Sirene 10/11, Marina del Cantone, 80061, Italy
Marco Bottega Ristorante,via Trovano 3, Genazzano, 00030, Italy
La Madernassa,località Lora 2, Guarene, 12050, Italy
Gucci Osteria da Massimo Bottura,piazza della Signoria 10, Florence, 50122, Italy
Ca' Matilde,via Polita 14, Rubbianino, 42020, Italy
Inkiostro,via San Leonardo 124, Parma, 43122, Italy
San Domenico,via Sacchi 1, Imola, 40026, Italy
Il Comandante,via Cristoforo Colombo 45, Naples, 80133, Italy
Terramira,piazza della Vittoria 13, Capolona, 52010, Italy
Lazzaro 1915,via Roma 351, Pontelongo, 35029, Italy
Sud,via Santi Pietro e Paolo 8, Quarto, 80010, Italy
Seta by Antonio Guida,via Andegari 9, Milan, 20121, Italy
Il Patio,via Oremo 14, Pollone, 13814, Italy
La Trota,via Santa Susanna 33, località Piedicolle, Rivodutri, 02010, Italy
Idylio by Apreda,via di Santa Chiara 4, Rome, 00186, Italy
Apostelstube,via rio Bianco 4, Brixen, 39042, Italy
L'Acciuga,via Settevalli 217, Perugia, 06128, Italy
Mater1apr1ma,via Sardegna 8, Pontinia, 04014, Italy
Il Piccolo Principe,piazza Giacomo Puccini 1, Viareggio, 55049, Italy
Octavin,scalinata Camillo Berneri 2, Arezzo, 52100, Italy
Anima,via Gaspare Rosales 4, Milan, 20124, Italy
Don Geppi,corso Marion Crawford 40, Sant' Agnello, 80065, Italy
In Viaggio - Claudio Melis,via Piave 15, Bolzano, 39100, Italy
Antica Corte Pallavicina,strada del Palazzo Due Torri 3, Polesine Parmense, 43016, Italy
La Bandiera,contrada Pastini 4, Civitella Casanova, 65010, Italy
Il Pagliaccio,via dei Banchi Vecchi 129/a, Rome, 00186, Italy
ARIA,via Loggia dei Pisani 2, Naples, 80133, Italy
Osteria degli Assonica,via Don Santo Carminati 9, Sorisole, 24010, Italy
Lux Lucis,viale A. Morin 67, Forte dei Marmi, 55042, Italy
ConFusion,via Aga Khan 1, Promenade du Port, Porto Cervo, 07021, Italy
St. Hubertus,strada Micura de Rue 20, San Cassiano, 39030, Italy
Osteria Francescana,via Stella 22, Modena, 41121, Italy
Quattro Passi,via Vespucci 13/n, Marina del Cantone, 80061, Italy
Gabbiano 3.0,Porto turistico 11, Marina di Grosseto, 58100, Italy
Il Pievano,Località Spaltenna 13, Gaiole in Chianti, 53013, Italy
Angelo Sabatelli,via Santa Chiara 1, Putignano, 70017, Italy
Per Me Giulio Terrinoni,vicolo del Malpasso 9, Rome, 00186, Italy
Pascucci al Porticciolo,viale Traiano 85, angolo via Fiumara 2, Fiumicino, 00054, Italy
Unforgettable,via Lorenzo Valerio 5/b, Turin, 10122, Italy
Local,salizzada dei Greci, sestiere Castello 3303, Venice, 30124, Italy
Pipero Roma,corso Vittorio Emanuele II 250, Rome, 00186, Italy
Locanda Sant'Uffizio Enrico Bartolini,strada Sant'Uffizio 1, Cioccaro, 14030, Italy
Locanda San Lorenzo,via IV Novembre 79, Puos d'Alpago, 32015, Italy
Antonello Colonna Labico,via di Valle Fredda 52, Labico, 00030, Italy
Essenza,via Cavour 38, Terracina, 04019, Italy
Il Papavero,corso Garibaldi 112/113, Eboli, 84025, Italy
Il Centro,via Umberto I 5, Priocca, 12040, Italy
I Tenerumi,via Vulcanello, Isola Vulcano, 98055, Italy
Otto Geleng,via Teatro Greco 59, Taormina, 98039, Italy
Enoteca La Torre,lungotevere delle Armi 22/23, Rome, 00195, Italy
La Rucola 2.0,vicolo Strentelle 3, Sirmione, 25019, Italy
Retroscena,largo del Teatro 3, Porto San Giorgio, 63822, Italy
Iacobucci,via Ronco 1, Villa Zarri, Castel Maggiore, 40013, Italy
Li Galli,viale Pasitea 318, Positano, 84017, Italy
Il Desco,via Dietro San Sebastiano 7, Verona, 37121, Italy
Vitium,via del Ginnasio 4, Crema, 26013, Italy
Luisl Stube,via Venosta 4, Algund, 39022, Italy
L'Arcade,lungomare Gramsci 315, Porto San Giorgio, 63822, Italy
Abbruzzino,via Fiume Savuto, località Santo Janni, Catanzaro, 88100, Italy
Mammà,via Madre Serafina 6, Capri, 80073, Italy
Cielo,via Scipione Petrarolo 7, Ostuni, 72017, Italy
Reale,contrada Santa Liberata, località Casadonna, Castel di Sangro, 67031, Italy
1908,via Paese 18, Soprabolzano, 39054, Italy
President,piazza Schettini 12/13, Pompei, 80045, Italy
Borgo Sant'Anna,Località Sant'Anna, Monforte d'Alba, 12065, Italy
Piccolo Lago,via Turati 87, al lago di Mergozzo, Fondotoce, 28924, Italy
Sedicesimo Secolo,via Gerolanuova 4, località Pudiano, Pudiano, 25034, Italy
Il Piastrino,via Parco Begni 7, Pennabilli, 47864, Italy
Enoteca Pinchiorri,via Ghibellina 87, Florence, 50122, Italy
Massimo Camia,strada provinciale 3 Alba-Barolo 122, La Morra, 12064, Italy
La Pineta,via dei Cavalleggeri Nord 27, Marina di Bibbona, 57020, Italy
Villa Crespi,via Fava 18, Orta San Giulio, 28016, Italy
Cracco in Galleria,Galleria Vittorio Emanuele II, Milan, 20121, Italy
Esplanade,via Lario 3, Desenzano del Garda, 25015, Italy
Gourmetstube Einhorn,Campo di Trens, Mules, 39040, Italy
Anna Stuben,via Vidalong 3, Ortisei, 39046, Italy
Iyo,via Piero della Francesca 74, Milan, 20154, Italy
Lorenzo,via Carducci 61, Forte dei Marmi, 55042, Italy
Casa Sgarra,lungomare C. Colombo 114, Trani, 76125, Italy
Quintessenza,via Lionelli 62, Trani, 76125, Italy
Somu,piazza Due Vele, Baia Sardinia, 07021, Italy
Paca,via Fra' Bartolomeo 13, Prato, 59100, Italy
Casual,via San Vigilio 1, Bergamo, 24129, Italy
Famiglia Rana,via Feniletto 2, località Vallese, Oppeano, 37050, Italy
Il Cascinalenuovo,SS 231  Asti-Alba 15, Isola d'Asti, 14057, Italy
Capriccio,piazza San Bernardo 6, località Montinelle, Manerba del Garda, 25080, Italy
Veritas,corso Vittorio Emanuele 141, Naples, 80121, Italy
Shalai,via Guglielmo Marconi 25, Linguaglossa, 95015, Italy
L'Argine a Vencò,Località Vencò 15, Dolegna del Collio, 34070, Italy
Cannavacciuolo Countryside,via Ticciano 137, Ticciano, 80069, Italy
La Madia,corso Filippo Re Capriata 22, Licata, 92027, Italy
Matteo Grandi,piazza dei Signori 1, Vicenza, 36100, Italy
Lorelei,via Aniello Califano 4, Sorrento, 80067, Italy
Acqua Pazza,via Dietro la Chiesa 3/4, Ponza, 04027, Italy
Wistèria,fondamenta del Forner, sestiere San Polo 2908, Venice, 30125, Italy
The Cook,vico Falamonica 9 r, Genoa, 16123, Italy
Tilia,via Dolomiti 31/b, Toblach, 39034, Italy
Vescovado,piazzale Rosselli, Noli, 17026, Italy
Contaminazioni Restaurant,via San Sossio 2, Somma Vesuviana, 80049, Italy
Virtuoso Gourmet - Tenuta Le Tre Virtù,Località Lucigliano 13, San Piero a Sieve, 50037, Italy
Miramonti l'Altro,via Crosette 34, località Costorio, Concesio, 25062, Italy
Lino,piazza del Lino 15, Pavia, 27100, Italy
Casa Vicina,via Ermanno Fenoglietti 20/b, Turin, 10126, Italy
Arnolfo,viale della Rimembranza 24, Colle di Val d'Elsa, 53030, Italy
Piano 35,corso Inghilterra 3, Turin, 10138, Italy
Damini Macelleria & Affini,via Cadorna 31, Arzignano, 36071, Italy
All'Enoteca,via Roma 57, Canale, 12043, Italy
Osteria Acquarol,via Johann Georg Plazer 10, San Michele, 39057, Italy
Il Tiglio,via Isola San Biagio 34, Montemonaco, 63088, Italy
La Palta,Località Bilegno, Borgonovo Val Tidone, 29011, Italy
Già Sotto l'Arco,corso Vittorio Emanuele 71, Carovigno, 72012, Italy
La Fermata,strada Bolla 2, Spinetta Marengo, 15122, Italy
El Molin,via Muratori 2, Cavalese, 38033, Italy
I Tigli in Theoria,via Bianchi Giovini 41, Como, 22100, Italy
Il Cantuccio,via Dante 32, Albavilla, 22031, Italy
Gardenia,corso Torino 9, Caluso, 10014, Italy
Coria,via Infermeria 24, Caltagirone, 95041, Italy
La Trattoria Enrico Bartolini,Località Badiola, Castiglione della Pescaia, 58043, Italy
Dal Corsaro,viale Regina Margherita 28, Cagliari, 09124, Italy
Nove,via Privata Montagù 9/1, Alassio, 17021, Italy
Andrea Monesi - Locanda di Orta,via Olina 18, Orta San Giulio, 28016, Italy
Colline Ciociare,via Prenestina 27, Acuto, 03010, Italy
LoRo,via Bruse 2, Trescore Balneario, 24069, Italy
Sapio,via Messina 235, Catania, 95129, Italy
Aqua Crua,piazza Calcalusso 11/a, Barbarano Vicentino, 36021, Italy
Casa Vissani,vocabolo Cannitello, Baschi, 05023, Italy
Trattoria al Cacciatore - La Subida,via Subida 52, Cormons, 34071, Italy
D'O,piazza della Chiesa 14, Cornaredo, 20010, Italy
Casin del Gamba,via Roccolo Pizzati 1, Altissimo, 36070, Italy
Fradis Minoris,Laguna di Nora, Pula, 09010, Italy
L'Olivo,via Capodimonte 14, Anacapri, 80071, Italy
La Peca,via Alberto Giovanelli 2, Lonigo, 36045, Italy
Dal Pescatore,località Runate 15, Runate, 46013, Italy
SanBrite,Località Alverà, Cortina d'Ampezzo, 32043, Italy
Orto by Jorg Giubbani,via Venino 12, Moneglia, 16030, Italy
San Martino,viale Cesare Battisti 3, Treviglio, 24047, Italy
Acquolina,via del Vantaggio 14, Rome, 00186, Italy
Il Falconiere,Località San Martino a Bocena 370, San Martino, 52044, Italy
Pietramare Natural Food,SS 106, loc. Praialonga,, Isola di Capo Rizzuto, 88841, Italy
La Caravella dal 1959,via Matteo Camera 12, Amalfi, 84011, Italy
Palazzo Petrucci,via Posillipo 16 b/c, Naples, 80123, Italy
Atelier,piazza Matteotti 36, Domodossola, 28845, Italy
Luigi Lepore,via Ubaldo de' Medici 50, Lamezia Terme, 88046, Italy
Bistrot,viale Franceschi 14, Forte dei Marmi, 55042, Italy
Linfa,piazza Sant'Agostino, San Gimignano, 53037, Italy
Zash,SP 2 I/II 60, Archi, 95018, Italy
La Preséf,via Lungo Adda 12, Mantello, 23016, Italy
Re Santi e Leoni,via Anfiteatro Laterizio 92, Nola, 80035, Italy
Casa Buono,corso Cuneo 28, Ventimiglia, 18039, Italy
Rear Restaurant,SS 7bis Km 50, Nola, 80035, Italy
Gusto by Sadler,via Tavolara, località Lu Fraili di Sotto, San Teodoro, 07052, Italy
Mec Restaurant,via Vittorio Emanuele 452, Palermo, 90134, Italy
Il Palagio,borgo Pinti 99, Florence, 50121, Italy
Il Saraceno,piazza Don Verdelli 2, Cavernago, 24050, Italy
Storie d'Amore,via Desman 418, Borgoricco, 35010, Italy
Felix Lo Basso home & restaurant,via Carlo Goldoni 36, Milan, 20129, Italy
La Capanna di Eraclio,Località per Le Venezie 21, Codigoro, 44021, Italy
La Zanzara,via per Volano 52, località Porticino, Codigoro, 44021, Italy
Antica Osteria Cera,via Marghera 24, Lughetto, 30010, Italy
Oseleta,Località Cordevigo, Cavaion Veronese, 37010, Italy
Da Gorini,via Verdi 5, San Piero in Bagno, 47021, Italy
Le Monzù,via Tragara 57, Capri, 80073, Italy
La Buca,corso Garibaldi 45, Cesenatico, 47042, Italy
Vecchio Ristoro,via Tourneuve 4, Aosta, 11100, Italy
Zur Rose,via Josef Innerhofer 2, San Michele, 39057, Italy
Da Vittorio,via Cantalupa 17, Brusaporto, 24060, Italy
La Bottega del 30,via Santa Caterina 2, località Villa a Sesta, Castelnuovo Berardenga, 53019, Italy
Antica Corona Reale,via Fossano 13, Cervere, 12040, Italy
Tivoli,località Lacedel 34, Cortina d'Ampezzo, 32043, Italy
La Parolina,via Giacomo Leopardi 1, Trevinano, 01021, Italy
Il Parco di Villa Grey,viale Italico 84, Forte dei Marmi, 55042, Italy
Caracol,via del Faro 44, località Capo Miseno, Bacoli, 80070, Italy
Leon d'Oro,via Gambara 6, Pralboino, 25020, Italy
Poggio Rosso,località San Felice, Castelnuovo Berardenga, 53019, Italy
Santa Elisabetta,piazza Santa Elisabetta 3, Florence, 50122, Italy
Piazzetta Milù,corso Alcide De Gasperi 23, Castellammare di Stabia, 80053, Italy
Il Refettorio,via Roma 2, Conca dei Marini, 84010, Italy
Quadri,piazza San Marco 121 (primo piano), Venice, 30124, Italy
La Stüa de Michil,strada Col Alt 105, Corvara in Badia, 39033, Italy
Bianca sul Lago by Emanuele Petrosino,via Dante Alighieri 18, Oggiono, 23848, Italy
Lunasia,viale Manin 4, Viareggio, 55049, Italy
Zia,via Goffredo Mameli 45, Rome, 00153, Italy
Impronte,via Cristoforo Baioni 38, Bergamo, 24123, Italy
Kuppelrain,via Stazione 16, località Maragno, Castelbello, 39020, Italy
Al Gambero,via Roma 11, Calvisano, 25012, Italy
L'Asinello,via Nuova 6, località Villa a Sesta, Castelnuovo Berardenga, 53019, Italy
I Pupi,via del Cavaliere 59, Bagheria, 90011, Italy
Materia,via Cinque Giornate 32, Cernobbio, 22012, Italy
La Pergola,via Cadlolo 101, Rome, 00136, Italy
George Restaurant,corso Vittorio Emanuele 135, Naples, 80121, Italy
Senso Alfio Ghezzi Mart,corso A. Bettini 43, Rovereto, 38068, Italy
Due Colombe,via Foresti 13, Borgonato, 25040, Italy
Piazza Duomo,vicolo dell'Arco 1, angolo piazza Risorgimento 4, Alba, 12051, Italy
Il Tino,via Monte Cadria 127, Fiumicino, 00054, Italy
AALTO,piazza Alvar Aalto, Milan, 20124, Italy
Gambero Rosso,via Montezemolo 65, Marina di Gioiosa Ionica, 89046, Italy
Taverna Estia,via Guido De Ruggiero 108, Brusciano, 80031, Italy
Qafiz,località Calabretto, Santa Cristina d'Aspromonte, 89056, Italy
Rossellinis,via San Giovanni del Toro 28, Ravello, 84010, Italy
Magnolia,via Pelliciano 37, loc. Montilgallo, Longiano, 47020, Italy
Locanda del Pilone,frazione Madonna di Como 34, Alba, 12051, Italy
Pashà,via Morgantini 2, Conversano, 70014, Italy
Sensi,via Pietro Comite 4, Amalfi, 84011, Italy
Osteria del Viandante,piazza XXIV Maggio 15, Rubiera, 42048, Italy
Nazionale,via Cavour 60, Vernante, 12019, Italy
Terra,località Prati 21, Sarentino, 39058, Italy
Krèsios,via San Giovanni 59, Telese, 82037, Italy
Don Alfonso 1890 San Barbato,SS 93, km 56,300, Lavello, 85024, Italy
San Giorgio,viale Brigate Bisagno 69r, Genoa, 16129, Italy
Dalla Gioconda,via dell'Orizzonte 2, Gabicce Monte, 61011, Italy
Kitchen,via per Cernobbio 41/a, Como, 22100, Italy
La Terrazza,via Ludovisi 49, Rome, 00187, Italy
L’Alchimia,viale Premuda 34, Milan, 20129, Italy
Alpenroyal Gourmet,via Meisules 43, Selva di Val Gardena, 39048, Italy
I Castagni,via Ottobiano 8/20, Vigevano, 27029, Italy
Castel finedining,vicolo dei Castagni 18, Tirol, 39019, Italy
Zum Löwen,via Principale 72, Tisens, 39010, Italy
Vintage 1997,piazza Solferino 16/h, Turin, 10121, Italy
Locanda Margon,via Margone 15, Ravina, 38123, Italy
Spinechile,contra' Pacche 2, località Tretto, Schio, 36015, Italy
Hyle,contrada Torre Garga SS 107, San Giovanni in Fiore, 87055, Italy
Dattilo,Contrada Dattilo, Strongoli, 88816, Italy
Uliassi,banchina di Levante 6, Senigallia, 60019, Italy
La Speranzina Restaurant & Relais,via Dante 16, Sirmione, 25019, Italy
Aroma,via Labicana 125, Rome, 00184, Italy
Imàgo,piazza Trinità dei Monti 6, Rome, 00187, Italy
Romano,via Mazzini 120, Viareggio, 55049, Italy
Dolce Stil Novo alla Reggia,piazza della Repubblica 4, Venaria Reale, 10078, Italy
RistoranTino & C.,strada principale 63, frazione Rollieres, Sauze di Cesana, 10054, Italy
'L Chimpl,strada de Tamion 3, VIGO DI FASSA, 38039, Italy
Due Camini,Strada Comunale Egnazia, Savelletri, 72015, Italy
Re Maurì,via Benedetto Croce, Salerno, 84121, Italy
Osteria Altran,Località Cortona 19, Ruda, 33050, Italy
Osteria della Brughiera,via Brughiera 49, Villa d'Almè, 24018, Italy
Pierino Penati,via XXIV Maggio 36, Vigano, 23897, Italy
San Martino,piazza Cappelletto 1, località Rio San Martino, Scorzè, 30037, Italy
Agli Amici,via Liguria 252, Godia, 33100, Italy
Terrazza Bosquet,piazza Tasso 34, Sorrento, 80067, Italy
Il Buco,II rampa Marina Piccola 5, Sorrento, 80067, Italy
Harry's Piccolo,piazza Unità d'Italia 2, Trieste, 34121, Italy
La Locanda del Borgo,località Monte Pugliano 1, Telese, 82037, Italy
La Ciau del Tornavento,piazza Leopoldo Baracco 7, Treiso, 12050, Italy
Suinsom,strada Puez 12, Selva di Val Gardena, 39048, Italy
Castello di Fighine,borgo di Fighine, San Casciano dei Bagni, 53040, Italy
Marco Martini Restaurant,viale Aventino 121, Rome, 00153, Italy
Venissa,fondamenta Santa Caterina 3, Mazzorbo, 30142, Italy
Torre del Saracino,via Torretta 9, Vico Equense, 80060, Italy
Spazio7,via Modane 20, Turin, 10141, Italy
Umberto De Martino,via Madonna d'Argon 4/6, San Paolo d'Argon, 24060, Italy
Laite,borgata Hoffe 10, Sappada, 33012, Italy
Le Calandre,via Liguria 1, località Sarmeola, Rubano, 35030, Italy
Del Cambio,piazza Carignano 2, Turin, 10123, Italy
Al Sorriso,via Roma 18, Soriso, 28010, Italy
La Credenza,via Cavour 22, San Maurizio Canavese, 10077, Italy
Oasis - Sapori Antichi,via Provinciale 8/10, Vallesaccarda, 83050, Italy
Balzi Rossi,via Balzi Rossi 2, Ventimiglia, 18039, Italy
Madonnina del Pescatore,via Lungomare Italia 11, Marzocca, 60019, Italy
Carignano,via Carlo Alberto 35, Turin, 10123, Italy
Magorabin,corso San Maurizio 61/d, Turin, 10124, Italy
Condividere,via Bologna 20/a, Turin, 10121, Italy
Moma,via di San Basilio 42, Rome, 00187, Italy
Campo del Drago,Località Castiglion del Bosco, Montalcino, 53024, Italy
La Primula,via San Rocco 47, San Quirino, 33080, Italy
Al Metrò,via Magellano 35, San Salvo Marina, 66050, Italy
Arnaldo - Clinica Gastronomica,piazza XXIV Maggio 3, Rubiera, 42048, Italy
La Torre,strada Spicciano 7, Tavarnelle Val di Pesa, 50028, Italy
Primo Restaurant,via 47° Reggimento Fanteria 7, Lecce, 73100, Italy
Ca' Vittoria,via Roma 14, Tigliole, 14016, Italy
Cannavacciuolo Bistrot,via Umberto Cosmo 6, Turin, 10131, Italy
Oro Restaurant,isola della Giudecca 10, Venice, 30133, Italy
La Capinera,via Nazionale 177, località Spisone, Taormina, 98039, Italy
Guido,lungomare Guido Spadazzi 12, Rimini, 47924, Italy
Abocar Due Cucine,via Farini 13, Rimini, 47921, Italy
Sadler,via dell'Annunciata 14, Milan, 20121, Italy
Accursio,via Grimaldi 41, Modica, 97015, Italy
Gellius,calle Pretoria 6, Oderzo, 31046, Italy
Indaco,piazza Santa Restituta 1, Lacco Ameno, 80076, Italy
D.One Restaurant,via del Borgo 1, Montepagano, 64026, Italy
Amistà,via Cedrare 78, Corrubbio, 37029, Italy
Casa Perbellini,piazza San Zeno 16, Verona, 37121, Italy
Schöneck,via Schloss Schöneck 11, Molini, 39030, Italy
Antica Osteria Nonna Rosa,via Laudano 1, loc. Pietrapiana, Vico Equense, 80060, Italy
Paolo e Barbara,via Roma 47, San Remo, 18038, Italy
Guidoristorante,via Alba 15, Serralunga d'Alba, 12050, Italy
Casa Iozzìa,via della Quercia 15/b, Vitorchiano, 01030, Italy
Prezioso,via Fragsburg 3, Merano, 39012, Italy
Zappatori,corso Torino 34, Pinerolo, 10064, Italy
Osteria del Povero Diavolo,via Roma 30, Torriana, 47825, Italy
21.9,Località Carretta 4, Piobesi d'Alba, 12040, Italy
Sissi,via Galilei 44, Merano, 39012, Italy
La Tana Gourmet,località Kaberlaba 19, Asiago, 36012, Italy
Impronta d'Acqua,via Aurelia 2121, Cavi di Lavagna, 16030, Italy
Maeba Restaurant,contrada Serra 29, Ariano Irpino, 83031, Italy
Contraste,via Meda 2, Milan, 20123, Italy
Bros',via degli Acaja 2, Lecce, 73100, Italy
Il Faro di Capo d'Orso - Andrea Aprea,SS 163 Amalfitana 44, Maiori, 84010, Italy
Vitantonio Lombardo,via Madonna delle Virtù 13/14, Matera, 75100, Italy
Il Cantinone e Sport Hotel Alpina,via A. De Giacomi 39, Madesimo, 23024, Italy
Locanda Tamerici,via Litoranea 106, località Fiumaretta, Ameglia, 19031, Italy
St. George by Heinz Beck,viale San Pancrazio 46, Taormina, 98039, Italy
Ma.Ri.Na.,piazza San Gregorio 11, Olgiate Olona, 21057, Italy
Glass Hostaria,vicolo del Cinque 58, Rome, 00153, Italy
Enrico Bartolini al Mudec,via Tortona 56, Milan, 20144, Italy
Malga Panna,strada de Sort 64, località Sorte, Moena, 38035, Italy
Zass,via Laurito 2, Positano, 84017, Italy
Vespasia,via Cesare Battisti 10, Norcia, 06046, Italy
Johannesstube,via San Valentino 3, Nova Levante, 39056, Italy
Casamatta,contrada Scrasciosa, Manduria, 74024, Italy
Dolada,via Dolada 21, località Plois alt. 870, Pieve d'Alpago, 32010, Italy
Tantris,corso Risorgimento 384, Novara, 28100, Italy
La Tavola,via Fortino 40, Laveno, 21014, Italy
Il Ristorante di Guido da Costigliole,località San Maurizio 39, Santo Stefano Belbo, 12058, Italy
All'Oro,via Giuseppe Pisanelli 25, Rome, 00196, Italy
Josè Restaurant - Tenuta Villa Guerra,via Nazionale 414, Torre del Greco, 80059, Italy
Lanterna Verde,frazione San Barnaba 7, Villa di Chiavenna, 23029, Italy
Villa Feltrinelli,via Rimembranza 38/40, Gargnano, 25084, Italy
Il Pellicano,località Lo Sbarcatello, Porto Ercole, 58018, Italy
Bracali,via di Perolla 2, Ghirlanda, 58020, Italy
Il Gallo Cedrone,via Cima Tosa 80, Madonna di Campiglio, 38086, Italy
La Tortuga,via XXIV Maggio 5, Gargnano, 25084, Italy
Butterfly,SS 12 del Brennero 192, Marlia, 55014, Italy
daní maison,via Montetignuso 4, Ischia, 80077, Italy
La Favellina,via Cosari 4/6, località San Tomio, Malo, 36034, Italy
Relais Blu,via Roncato 60, Massa Lubrense, 80061, Italy
Vecchia Malcesine,via Pisort 6, Malcesine, 37018, Italy
Gagini Restaurant,via dei Cassari 35, Palermo, 90133, Italy
L'Erba del Re,via Castelmaraldo 45, Modena, 41121, Italy
Stube Hermitage,via Castelletto Inferiore 69, Madonna di Campiglio, 38086, Italy
Sarri,lungomare C. Colombo 108, Borgo Prino, Imperia, 18100, Italy
Il Flauto di Pan,via Santa Chiara 26, Ravello, 84010, Italy
Signum,via Scalo 15, località Malfa, Salina, 98050, Italy
Le Trabe,via Capo di Fiume 4, Paestum, 84047, Italy
Caino,via della Chiesa 4, Montemerano, 58050, Italy
Nostrano,piazzale della Libertà 7, Pesaro, 61121, Italy
Lido 84,corso Zanardelli 196, Fasano del Garda, 25083, Italy
Villa Maiella,via Sette Dolori 30, località Villa Maiella, Guardiagrele, 66016, Italy
Il Convivio Troiani,vicolo dei Soldati 31, Rome, 00186, Italy
Duomo,via Cap. Bocchieri 31, Ragusa, 97100, Italy
Berton,via Mike Bongiorno 13, Milan, 20123, Italy
Joia,via Panfilo Castaldi 18, Milan, 20124, Italy
La Serra,via Marconi 169, località Belvedere Fornillo, Positano, 84017, Italy
Cannavacciuolo Cafè & Bistrot,piazza Martiri della Libertà 1, Novara, 28100, Italy
Acquerello,via Patrioti 5, Fagnano Olona, 21054, Italy
Borgo San Jacopo,borgo San Jacopo 62 r, Florence, 50125, Italy
Locanda Don Serafino,via Avv. Ottaviano 13, Ragusa, 97100, Italy
Il Cappero,via Vulcanello, Isola Vulcano, 98055, Italy
Porta di Basso,via Colombo 38, Peschici, 71010, Italy
Viva Viviana Varese,piazza XXV Aprile 10, Milan, 20121, Italy
Tre Olivi,via Poseidonia 41, Paestum, 84063, Italy
Osteria Arbustico,via Francesco Gregorio 40, Paestum, 84047, Italy
Il Luogo di Aimo e Nadia,via Montecuccoli 6, Milan, 20147, Italy
Giglio,piazza del Giglio 2, Lucca, 55100, Italy
Atman a Villa Rospigliosi,via Borghetto 1, località Spicchio, Lamporecchio, 51035, Italy
Franco Mare,via lungomare Roma 41, Marina di Pietrasanta, 55044, Italy
Andreina,via Buffolareccia 14, Loreto, 60025, Italy
essência,Sas utca 17, Budapest, 1051, Hungary
Babel,Piarista Köz 2, Budapest, 1052, Hungary
Borkonyha Winekitchen,Sas utca 3, Budapest, 1051, Hungary
Costes,Ráday utca 4, Budapest, 1092, Hungary
Stand,Székely Mihály utca 2, Budapest, 1061, Hungary
Platán Gourmet,Kastély tér 6, Tata, 2890, Hungary
Salt,Királyi Pál utca 4, Budapest, 1053, Hungary
Rumour,Petőfi Tér 3, Budapest, 1051, Hungary
42,Széchenyi tér 23, Esztergom, 2500, Hungary
Kissa Tanto,263 E. Pender St., Vancouver, V6A 1T8, Canada
Published on Main,3593 Main St., Vancouver, V5V 3N4, Canada
Barbara,305 E. Pender St., Vancouver, V6A 0J3, Canada
Masayoshi,4376 Fraser St., Vancouver, V5V 4G3, Canada
iDen & QuanJuDe Beijing Duck House,2808 Cambie St., Vancouver, V5Z 2V5, Canada
Burdock & Co,2702 Main St., Vancouver, V5T 3E8, Canada
St. Lawrence,269 Powell St., Vancouver, V6A 1G3, Canada
AnnaLena,1809 W. 1st Ave., Vancouver, V6J 5B8, Canada
Song Yun Ze,No. 8, Block 2, Jade Lane, Crland Plaza, 8 Liuli Road, Chengdu, China Mainland
Fang Xiang Jing,No. 1, Courtyard 5, China Railway Ludao Art City, 16 Majia Garden Road, Chengdu, China Mainland
Silver Pot,No. 532, 5F, M6, ICP Office Building, 300 Jiaozi Avenue, Chengdu, China Mainland
Chengdu Restaurant,2F, North Building, Shangshan International, No. 46-1, Section 4, Renmin South Road, Chengdu, China Mainland
Fu Rong Huang,3F, 66-16 Guanghuacun Street, Chengdu, China Mainland
Ma's Kitchen,1 East Kangshi Street, Chengdu, China Mainland
Mi Xun Teahouse,The Temple House, 81 Bitieshi Street, Chengdu, 610021, China Mainland
Chaimen Hui,2F, China Overseas Uni Elite, 289 Jiaozi Avenue, Chengdu, China Mainland
Young Art · Yong Ya He Xian (Tongzilin East Road),1-1 Tongzilin East Road, Chengdu, China Mainland
Xu's Cuisine,No. 1, Block 8, Building & Greenwich Plaza, 1 Wangjiang Road, Chengdu, China Mainland
Yu Zhi Lan,24-1 Changfa Street, Chengdu, China Mainland
Denis Martin,Rue du Château 2, Vevey, 1800, Switzerland
Table de Mary,Route du Gymnase 2, Cheseaux-Noréaz, 1400, Switzerland
the K by mauro colagreco,Via Veglia 18, Saint Moritz, 7500, Switzerland
Memories,Bernhard-Simon-Strasse 2, Bad Ragaz, 7310, Switzerland
Lucide,Europaplatz 1, Lucerne, 6005, Switzerland
Ackermannshof,St.-Johanns-Vorstadt 21, Basel, 4056, Switzerland
Les Montagnards - Le Sommet,Rue de Montsalvens 4, Broc, 1636, Switzerland
Des Trois Tours,Route de Bourguillon 3, Fribourg, 1722, Switzerland
Maison Wenger,Rue de la Gare 2, Le Noirmont, 2340, Switzerland
Sihlhalde,Sihlhaldenstrasse 70, Gattikon, 8136, Switzerland
Bel Etage,Leonhardsgraben 49, Basel, 4051, Switzerland
Il Lago,Quai des Bergues 33, Geneva, 1201, Switzerland
La Table d'Adrien,Chemin des Creux, Verbier, 1936, Switzerland
Da Vittorio,Via Johannes Badrutt 11, Saint Moritz, 7500, Switzerland
Brasserie Uno,Kirchstrasse 38, Zermatt, 3920, Switzerland
L'Atelier Robuchon,Quai Wilson 37, Geneva, 1201, Switzerland
The Japanese by The Chedi at Gütsch,Gotthardstrasse 4, Andermatt, 6490, Switzerland
La Table du Lausanne Palace,Rue du Grand Chêne 7, Lausanne, 1002, Switzerland
7132 Silver,Poststrasse 560, Vals, 7132, Switzerland
La Chaumière by Serge Labrosse,Chemin de la Fondelle 16, Troinex, 1256, Switzerland
The Japanese Restaurant,Gotthardstrasse 4, Andermatt, 6490, Switzerland
Osteria TRE,Kantonsstrasse 3, Bubendorf, 4416, Switzerland
Einstein Gourmet,Berneggstrasse 2, Sankt Gallen, 9000, Switzerland
Panorama - Cayenne,Hartlisbergstrasse 39, Steffisburg, 3612, Switzerland
Steinhalle,Helvetiaplatz 5, Berne, 3000, Switzerland
Segreto,Abacus Platz 1, Wittenbach, 9301, Switzerland
Maison Manesse,Hopfenstrasse 2, Zurich, 8045, Switzerland
Traube,Baslerstrasse 211, Trimbach, 4632, Switzerland
Seerestaurant Belvédère,Seestrasse 18a, Hergiswil, 6052, Switzerland
La Brezza,Tschuggentorweg 1, Arosa, 7050, Switzerland
META,Riva Paradiso 2, Lugano, 6900, Switzerland
LA CHAVALLERA in der Krone - Säumerei am Inn,Via Cumünela 2, La Punt-Chamues-ch, 7522, Switzerland
Epoca by Tristan Brandt,Via Dil Parc 3, Flims, 7018, Switzerland
Widder Restaurant,Rennweg 7, Zurich, 8001, Switzerland
IGNIV Zürich by Andreas Caminada,Marktgasse 17, Zurich, 8001, Switzerland
The Restaurant,Kurhausstrasse 65, Zurich, 8000, Switzerland
tobias buholzer,Dorfstrasse 42, Rüschlikon, 8803, Switzerland
Löwen - Apriori,Wolfhauserstrasse 2, Bubikon, 8608, Switzerland
Tsé Fung,Route de Lausanne 301, Geneva, 1293, Switzerland
La Riva,Voa Davos Lai 27, Lenzerheide, 7078, Switzerland
Aux Trois Amis,Untergasse 17, Ligerz, 2514, Switzerland
Le Berceau des Sens,Route de Cojonnex 18, Lausanne, 1000, Switzerland
Jägerhof,Brühlbleichestrasse 11, Sankt Gallen, 9000, Switzerland
Vivanda,Crusch Plantaun 217, Brail, 7527, Switzerland
Le Café Suisse,Rue Centrale 41, Bex, 1880, Switzerland
Capri,Hofmattstrasse 12, Zermatt, 3920, Switzerland
Alpine Gourmet Prato Borni,Bahnhofstrasse 55, Zermatt, 3920, Switzerland
THE VIEW,Via Guidino 29, Lugano, 6900, Switzerland
Restaurant de l'Hôtel de Ville,Rue d'Yverdon 1, Crissier, 1023, Switzerland
roots,Mühlhauserstrasse 17, Basel, 4056, Switzerland
Tosca,Rue de la Mairie 8, Geneva, 1207, Switzerland
Anne-Sophie Pic,Place du Port 17, Lausanne, 1006, Switzerland
OZ,Obergass 2, Fürstenau, 7414, Switzerland
Ecco St. Moritz,Via Maistra 3, Saint Moritz, 7512, Switzerland
Bad Balgach by Schützelhofer,Hauptstrasse 73, Balgach, 9435, Switzerland
Neue Taverne,Glockengasse 8, Zurich, 8001, Switzerland
Talvo by Dalsass,Via Gunels 15, Saint Moritz, 7512, Switzerland
Magdalena,Rickenbachstrasse 127, Schwyz, 6432, Switzerland
KLE,Zweierstrasse 114, Zurich, 8003, Switzerland
Truube,Rotenwies 9, Gais, 9056, Switzerland
Le Murenberg,Krummackerstrasse 4, Bubendorf, 4416, Switzerland
UniQuisine Atelier,Stanserstrasse 23, Stansstad, 6362, Switzerland
Sonne,Scheunenberg 70, Wengi bei Büren, 3251, Switzerland
Regina Montium,Staffelhöhenweg 35, Rigi Kaltbad, 6356, Switzerland
Löwen,Holzhäusernstrasse 2, Menzingen, 6313, Switzerland
Locanda Orico,via Orico 13, Bellinzona, 6500, Switzerland
Pavillon,Talstrasse 1, Zurich, 8001, Switzerland
Auberge de la Croix Blanche,Route de Donatyre 22, Villarepos, 1583, Switzerland
GÜTSCH by Markus Neff,Gotthardstrasse 53, Andermatt, 6490, Switzerland
Fahr,Grossacherweg 1, Künten-Sulz, 5444, Switzerland
Sushi Shin,Zinnengasse 7, Zurich, 8001, Switzerland
After Seven,Hofmattstrasse 4, Zermatt, 3929, Switzerland
Le Flacon,Rue Vautier 45, Carouge, 1227, Switzerland
Les Ateliers,Rue des Deux-Gares 6A, Vevey, 1800, Switzerland
Verve by Sven,Bernhard-Simon-Strasse 2, Bad Ragaz, 7310, Switzerland
Le Pérolles,Boulevard de Pérolles 1, Fribourg, 1700, Switzerland
La Miranda Gourmet Stübli,Dorfstrasse 30, Samnaun, 7563, Switzerland
Principe Leopoldo,via Montalbano 5, Lugano, 6900, Switzerland
Torkel,Hintergass 9, Vaduz, 9490, Switzerland
Schlüssel - Nidbergstube,Oberdorfstrasse 5, Mels, 8887, Switzerland
Gasthaus Zur Fernsicht - Incantare,Seeallee 10, Heiden, 9410, Switzerland
Le Cigalon,Route d'Ambilly 39, Thônex, 1226, Switzerland
LeMontBlanc,Chemin du Mont-Blanc 1, Crans-Montana, 3963, Switzerland
Schloss Schauenstein,Schlossgass 77, Fürstenau, 7414, Switzerland
Wirtshaus Zur Säge,Steinrain 5, Flüh, 4112, Switzerland
Alpenblick,Oberdorfstrasse 3, Wilderswil, 3812, Switzerland
Château Attisholz,Attisholzstrasse 3, Riedholz, 4533, Switzerland
Wein & Sein,Münstergasse 50, Berne, 3011, Switzerland
Sommet by Martin Göschel,Alpinastrasse 23, Gstaad, 3780, Switzerland
I Due Sud,riva Antonio Caccia 7, Lugano, 6900, Switzerland
L'OURS,Route du Pas de l'Ours 41, Crans-Montana, 3963, Switzerland
Zur Gedult,Metzgergasse 12, Burgdorf, 3400, Switzerland
IGNIV by Andreas Caminada,Bernhard-Simon-Strasse 2, Bad Ragaz, 7310, Switzerland
RICO'S,Seestrasse 160, Küsnacht, 8700, Switzerland
Domaine de Châteauvieux,Chemin de Châteauvieux 16, Satigny, 1242, Switzerland
La Table du Valrose,Place de la Gare 2, Rougemont, 1659, Switzerland
Stéphane Décotterd,Route de Glion 111, Montreux, 1823, Switzerland
Alpenblick - Stuba,Dorfstrasse 9, Adelboden, 3715, Switzerland
Du Cerf,Rue du Collège 4, Sonceboz, 2605, Switzerland
Neue Blumenau,Romanshornerstrasse 2, Lömmenschwil, 9308, Switzerland
Taverne zum Schäfli,Oberdorfstrasse 8, Wigoltingen, 8556, Switzerland
L'Etoile - Nova,Rue du Centre 21, Charmey, 1637, Switzerland
Bayview by Michel Roth,Quai Wilson 47, Geneva, 1201, Switzerland
Chesa Stüva Colani,Via Principela 20 A, Madulain, 7523, Switzerland
Schlüssel,Hauptstrasse 41, Oberwil, 4104, Switzerland
Stucki - Tanja Grandits,Bruderholzallee 42, Basel, 4059, Switzerland
Cheval Blanc by Peter Knogl,Blumenrain 8, Basel, 4001, Switzerland
Ecco,via del Segnale 10, Ascona, 6612, Switzerland
La Rôtisserie,Weinplatz 2, Zurich, 8001, Switzerland
Skin's - the restaurant,Dammweg 15b, Lenzburg, 5600, Switzerland
Aqua,Seestrasse 182, Thalwil, 8136, Switzerland
Eden Kitchen & Bar,Utoquai 45, Zurich, 8000, Switzerland
L'Aparté,Rue de Lausanne 41, Geneva, 1201, Switzerland
Sens,Seestrasse 80, Vitznau, 6354, Switzerland
focus ATELIER,Seestrasse 18, Vitznau, 6354, Switzerland
Locanda Barbarossa,via Muraccio 142, Ascona, 6612, Switzerland
Du Bourg,Burggasse 12, Biel, 2502, Switzerland
Njørden,Place du Marché 15, Aubonne, 1170, Switzerland
Le Chat-Botté,Quai du Mont-Blanc 13, Geneva, 1201, Switzerland
EquiTable,Stauffacherstrasse 163, Zurich, 8004, Switzerland
Wirtschaft im FRANZ,Bremgartnerstrasse 18, Zurich, 8003, Switzerland
La Micheline,Avenue de la Gare des Eaux-Vives 3, Geneva, 1207, Switzerland
Le Pont de Brent,Route de Blonay 4, Brent, 1817, Switzerland
Damien Germanier,Rue du Scex 33, Sion, 1950, Switzerland
Gasthaus Zum Gupf,Gupf 21, Rehetobel, 9038, Switzerland
Sternen - Badstube,Sennhüttestrasse 1, Wangen bei Dübendorf, 8602, Switzerland
